t,u0,u1
0.000000000000000000e+00,1.000000000000000000e+00,0.000000000000000000e+00
1.001001001001000992e-02,1.047171508098390103e+00,1.009111095220752152e-02
2.002002002002001985e-02,1.093403437105306519e+00,2.013901910737628947e-02
3.003003003003002977e-02,1.138714508875386278e+00,3.013664491382993943e-02
4.004004004004003969e-02,1.183123009286469296e+00,4.007784579367919264e-02
5.005005005005004615e-02,1.226646865220041738e+00,4.995685181703901634e-02
6.006006006006005954e-02,1.269303644959374200e+00,5.976826281400392238e-02
7.007007007007007293e-02,1.311110558189520603e+00,6.950704837464802277e-02
8.008008008008007939e-02,1.352084455997319523e+00,7.916854784902498110e-02
9.009009009009008584e-02,1.392241830871393082e+00,8.874847034716805416e-02
1.001001001001000923e-01,1.431598816702147392e+00,9.824289473909011972e-02
1.101101101101101126e-01,1.470171189089565900e+00,1.076482675897726532e-01
1.201201201201201191e-01,1.507974629052188487e+00,1.169595939714213884e-01
1.301301301301301394e-01,1.545024235749731911e+00,1.261736388492175065e-01
1.401401401401401459e-01,1.581334477314769504e+00,1.352894425745136964e-01
1.501501501501501523e-01,1.616919526391677353e+00,1.443061144321760303e-01
1.601601601601601588e-01,1.651793260136634078e+00,1.532228326405838392e-01
1.701701701701701652e-01,1.685969260217620169e+00,1.620388443516299348e-01
1.801801801801801717e-01,1.719460812814418649e+00,1.707534656507203596e-01
1.901901901901901781e-01,1.752280908618615740e+00,1.793660815567745537e-01
2.002002002002001846e-01,1.784442242833598424e+00,1.878761460222252988e-01
2.102102102102102188e-01,1.815957215174557549e+00,1.962831819330186633e-01
2.202202202202202252e-01,1.846837929868485384e+00,2.045867811086141685e-01
2.302302302302302317e-01,1.877096195654176958e+00,2.127866043019845665e-01
2.402402402402402382e-01,1.906743525782229609e+00,2.208823811996160069e-01
2.502502502502502724e-01,1.935791138015042989e+00,2.288739104215080089e-01
2.602602602602602788e-01,1.964249954626819061e+00,2.367610595211734337e-01
2.702702702702702853e-01,1.992130602403562323e+00,2.445437649856384565e-01
2.802802802802802917e-01,2.019443412643079583e+00,2.522220322354424837e-01
2.902902902902902982e-01,2.046198421154979741e+00,2.597959356246385965e-01
3.003003003003003046e-01,2.072405368260674230e+00,2.672656184407928848e-01
3.103103103103103111e-01,2.098073802821128098e+00,2.746312788214899103e-01
3.203203203203203175e-01,2.123213365461096291e+00,2.818939538585175097e-01
3.303303303303303240e-01,2.147833017730139904e+00,2.890558852966143011e-01
3.403403403403403304e-01,2.171941485505413549e+00,2.961193235660473655e-01
3.503503503503503369e-01,2.195547328715468538e+00,3.030864491987484421e-01
3.603603603603603434e-01,2.218658941340255097e+00,3.099593728283139837e-01
3.703703703703703498e-01,2.241284551411118819e+00,3.167401351900053785e-01
3.803803803803803563e-01,2.263432221010803325e+00,3.234307071207485618e-01
3.903903903903903627e-01,2.285109846273450263e+00,3.300329895591343488e-01
4.004004004004003692e-01,2.306325157384597535e+00,3.365488135454182683e-01
4.104104104104104311e-01,2.327085718581181073e+00,3.429799402215205628e-01
4.204204204204204376e-01,2.347398928151533060e+00,3.493280608310261881e-01
4.304304304304304440e-01,2.367272018435384151e+00,3.555947967191849801e-01
4.404404404404404505e-01,2.386712055823861256e+00,3.617816993329114883e-01
4.504504504504504570e-01,2.405725940759489312e+00,3.678902502207849201e-01
4.604604604604604634e-01,2.424320407736190397e+00,3.739218610330492520e-01
4.704704704704704699e-01,2.442502025299283286e+00,3.798778735216133962e-01
4.804804804804804763e-01,2.460277196045484338e+00,3.857595595400507005e-01
4.904904904904904828e-01,2.477652156622907942e+00,3.915681210435995041e-01
5.005005005005005447e-01,2.494632977731064738e+00,3.973046900891628042e-01
5.105105105105105512e-01,2.511225564120863396e+00,4.029703288353083668e-01
5.205205205205205576e-01,2.527435654594608838e+00,4.085660295422687271e-01
5.305305305305305641e-01,2.543268822006004015e+00,4.140927145719410785e-01
5.405405405405405705e-01,2.558730473260149463e+00,4.195512363878874940e-01
5.505505505505505770e-01,2.573825849313542413e+00,4.249423775553347049e-01
5.605605605605605835e-01,2.588559974271714914e+00,4.302668989567453028e-01
5.705705705705705899e-01,2.602935960498720114e+00,4.355276683422999451e-01
5.805805805805805964e-01,2.616958640307219142e+00,4.407272091406362891e-01
5.905905905905906028e-01,2.630633960099012736e+00,4.458670764962092137e-01
6.006006006006006093e-01,2.643967725798029189e+00,4.509487929925828920e-01
6.106106106106106157e-01,2.656965602850324348e+00,4.559738486524306800e-01
6.206206206206206222e-01,2.669633116224080727e+00,4.609437009375352279e-01
6.306306306306306286e-01,2.681975650409608392e+00,4.658597747487885354e-01
6.406406406406406351e-01,2.693998449419344965e+00,4.707234624261916744e-01
6.506506506506506415e-01,2.705706616787854291e+00,4.755361237488550663e-01
6.606606606606606480e-01,2.717105115571828655e+00,4.802990859349984265e-01
6.706706706706706544e-01,2.728198768350086123e+00,4.850136436419505981e-01
6.806806806806806609e-01,2.738992257223574089e+00,4.896810589661498292e-01
6.906906906906906674e-01,2.749490123815364839e+00,4.943025614431435510e-01
7.007007007007006738e-01,2.759696769270659100e+00,4.988793480475884889e-01
7.107107107107106803e-01,2.769616454256785154e+00,5.034125831932504402e-01
7.207207207207206867e-01,2.779253298963197505e+00,5.079033987330047184e-01
7.307307307307306932e-01,2.788611283101478655e+00,5.123528939588357645e-01
7.407407407407406996e-01,2.797694245905337773e+00,5.167621356018372580e-01
7.507507507507507061e-01,2.806505886130612026e+00,5.211321578322121173e-01
7.607607607607607125e-01,2.815049762055264804e+00,5.254639622592726100e-01
7.707707707707707190e-01,2.823329291479387937e+00,5.297585179314401316e-01
7.807807807807807254e-01,2.831347751725199036e+00,5.340167613362455379e-01
7.907907907907907319e-01,2.839108279637043708e+00,5.382395964003285904e-01
8.008008008008007383e-01,2.846613871581395117e+00,5.424278944894388443e-01
8.108108108108108558e-01,2.853867383446853090e+00,5.465824944084344272e-01
8.208208208208208623e-01,2.860871530644145011e+00,5.507042024012832604e-01
8.308308308308308687e-01,2.867628888106124929e+00,5.547937921510622816e-01
8.408408408408408752e-01,2.874141890287774892e+00,5.588520047799577783e-01
8.508508508508508816e-01,2.880412831166203613e+00,5.628795488492651655e-01
8.608608608608608881e-01,2.886443864240647361e+00,5.668771003593892077e-01
8.708708708708708945e-01,2.892237002532469070e+00,5.708453027498440191e-01
8.808808808808809010e-01,2.897794118585160117e+00,5.747847668992527304e-01
8.908908908908909074e-01,2.903116536874346121e+00,5.786968311669323795e-01
9.009009009009009139e-01,2.908202026782626071e+00,5.825907302187320891e-01
9.109109109109109204e-01,2.913054186575532167e+00,5.864678340141921131e-01
9.209209209209209268e-01,2.917678216383017276e+00,5.903266973452088173e-01
9.309309309309309333e-01,2.922079151269131092e+00,5.941659858634978919e-01
9.409409409409409397e-01,2.926261861232019257e+00,5.979844760805939075e-01
9.509509509509509462e-01,2.930231051203922465e+00,6.017810553678510921e-01
9.609609609609609526e-01,2.933991261051178245e+00,6.055547219564425543e-01
9.709709709709709591e-01,2.937546865574219623e+00,6.093045849373608380e-01
9.809809809809809655e-01,2.940902074507576014e+00,6.130298642614177007e-01
9.909909909909909720e-01,2.944060932519871443e+00,6.167298907392440022e-01
1.001001001001001089e+00,2.947027319213826768e+00,6.204041060412900377e-01
1.011011011011011096e+00,2.949804949126259235e+00,6.240520626978252050e-01
1.021021021021021102e+00,2.952397371728081588e+00,6.276734240989382263e-01
1.031031031031031109e+00,2.954807971424301627e+00,6.312679644945368151e-01
1.041041041041041115e+00,2.957039967554023985e+00,6.348355689943483426e-01
1.051051051051051122e+00,2.959096414390449237e+00,6.383762335679190603e-01
1.061061061061061128e+00,2.960980201140873458e+00,6.418900650446145439e-01
1.071071071071071135e+00,2.962694051946688667e+00,6.453772811136195831e-01
1.081081081081081141e+00,2.964240525883383270e+00,6.488382103239384024e-01
1.091091091091091148e+00,2.965622016960540730e+00,6.522732920843943294e-01
1.101101101101101154e+00,2.966840754121841339e+00,6.556830766636297936e-01
1.111111111111111160e+00,2.967898801245060447e+00,6.590682251901065491e-01
1.121121121121121167e+00,2.968798057142070235e+00,6.624295096521056747e-01
1.131131131131131173e+00,2.969540255558837938e+00,6.657678128977273513e-01
1.141141141141141180e+00,2.970126965175427181e+00,6.690841286348911954e-01
1.151151151151151186e+00,2.970559589605997086e+00,6.723795614313358149e-01
1.161161161161161193e+00,2.970839367398803610e+00,6.756553267146191422e-01
1.171171171171171199e+00,2.970967372036196874e+00,6.789127507721184340e-01
1.181181181181181206e+00,2.970944511934625165e+00,6.821532707510300497e-01
1.191191191191191212e+00,2.970771530444630493e+00,6.853784346583697840e-01
1.201201201201201219e+00,2.970449005850852586e+00,6.885899013609724229e-01
1.211211211211211225e+00,2.969977351372025787e+00,6.917894405854919659e-01
1.221221221221221231e+00,2.969356815160981267e+00,6.949789329184019593e-01
1.231231231231231238e+00,2.968587480304645254e+00,6.981603698059949403e-01
1.241241241241241244e+00,2.967669264824040365e+00,7.013358535543826600e-01
1.251251251251251251e+00,2.966601921674285158e+00,7.045075973294963045e-01
1.261261261261261257e+00,2.965385038744594137e+00,7.076779251570861629e-01
1.271271271271271264e+00,2.964018038858277748e+00,7.108492719227217371e-01
1.281281281281281270e+00,2.962500179772741493e+00,7.140241833717916320e-01
1.291291291291291277e+00,2.960830554179488150e+00,7.172053161095041096e-01
1.301301301301301283e+00,2.959008089704115108e+00,7.203954376008863125e-01
1.311311311311311290e+00,2.957031548906317031e+00,7.235974261707847077e-01
1.321321321321321296e+00,2.954907472871291407e+00,7.268068225259853854e-01
1.331331331331331302e+00,2.952646198056622318e+00,7.300151592785911747e-01
1.341341341341341309e+00,2.950249923175590094e+00,7.332213674959622285e-01
1.351351351351351315e+00,2.947720781124521405e+00,7.364244545447182766e-01
1.361361361361361322e+00,2.945060855472154682e+00,7.396234888554900078e-01
1.371371371371371328e+00,2.942272180459638786e+00,7.428175999229197357e-01
1.381381381381381335e+00,2.939356741000534790e+00,7.460059783056607330e-01
1.391391391391391341e+00,2.936316472680813749e+00,7.491878756263776751e-01
1.401401401401401348e+00,2.933153261758858044e+00,7.523626045717460853e-01
1.411411411411411354e+00,2.929868945165461813e+00,7.555295388924530009e-01
1.421421421421421361e+00,2.926465310503828743e+00,7.586881134031967511e-01
1.431431431431431367e+00,2.922944096049576057e+00,7.618378239826865128e-01
1.441441441441441373e+00,2.919306990750729192e+00,7.649782275736430881e-01
1.451451451451451380e+00,2.915555634227727122e+00,7.681089421827982378e-01
1.461461461461461386e+00,2.911691616773418811e+00,7.712296468808947925e-01
1.471471471471471393e+00,2.907716479353063654e+00,7.743400818026872079e-01
1.481481481481481399e+00,2.903631713604333253e+00,7.774400481469408986e-01
1.491491491491491406e+00,2.899438761837310086e+00,7.805294081764324599e-01
1.501501501501501412e+00,2.895139017034487505e+00,7.836080852179496681e-01
1.511511511511511419e+00,2.890733822850769297e+00,7.866760636622918135e-01
1.521521521521521425e+00,2.886224473613471897e+00,7.897333889642690341e-01
1.531531531531531432e+00,2.881612214322321286e+00,7.927801676427028710e-01
1.541541541541541438e+00,2.876898240649455651e+00,7.958165672804259350e-01
1.551551551551551444e+00,2.872083698939423169e+00,7.988428165242823509e-01
1.561561561561561451e+00,2.867169686209184221e+00,8.018592050851270914e-01
1.571571571571571457e+00,2.862157250148109622e+00,8.048660837378265320e-01
1.581581581581581464e+00,2.857047389117981062e+00,8.078638643212582293e-01
1.591591591591591470e+00,2.851841052152991995e+00,8.108530197383109206e-01
1.601601601601601477e+00,2.846539138959746307e+00,8.138340839558846351e-01
1.611611611611611705e+00,2.841142499917259645e+00,8.168076520048905831e-01
1.621621621621621712e+00,2.835651936076958535e+00,8.197743799802510445e-01
1.631631631631631718e+00,2.830068199162679488e+00,8.227349850408997023e-01
1.641641641641641725e+00,2.824391991570672111e+00,8.256902454097813093e-01
1.651651651651651731e+00,2.818623966369595113e+00,8.286410003738519103e-01
1.661661661661661737e+00,2.812764727300519851e+00,8.315881502840788420e-01
1.671671671671671744e+00,2.806814828776927229e+00,8.345326565554403997e-01
1.681681681681681750e+00,2.800774775884711243e+00,8.374755416669263930e-01
1.691691691691691757e+00,2.794645024382174991e+00,8.404178891615375901e-01
1.701701701701701763e+00,2.788425980700033779e+00,8.433608436462860514e-01
1.711711711711711770e+00,2.782118001941413787e+00,8.463056107921952398e-01
1.721721721721721776e+00,2.775721395881852072e+00,8.492534573342994664e-01
1.731731731731731783e+00,2.769236420969297008e+00,8.522057110716445560e-01
1.741741741741741789e+00,2.762663286324107403e+00,8.551637608672872926e-01
1.751751751751751796e+00,2.756002151739054273e+00,8.581290566482959736e-01
1.761761761761761802e+00,2.749253127679319064e+00,8.611031094057498558e-01
1.771771771771771808e+00,2.742416275282494098e+00,8.640874911947395987e-01
1.781781781781781815e+00,2.735491684254757416e+00,8.670837065004973754e-01
1.791791791791791821e+00,2.728485683639970905e+00,8.700826766715062943e-01
1.801801801801801828e+00,2.721402326208804290e+00,8.730782867643256395e-01
1.811811811811811834e+00,2.714241722753960140e+00,8.760708601342868107e-01
1.821821821821821841e+00,2.707004077436091283e+00,8.790606609236215618e-01
1.831831831831831847e+00,2.699689687783800363e+00,8.820478940614615571e-01
1.841841841841841854e+00,2.692298944693640728e+00,8.850327052638388148e-01
1.851851851851851860e+00,2.684832332430115098e+00,8.880151810336854856e-01
1.861861861861861867e+00,2.677290428625676899e+00,8.909953486608338524e-01
1.871871871871871873e+00,2.669673904280728927e+00,8.939731762220164413e-01
1.881881881881881879e+00,2.661983523763624238e+00,8.969485725808660215e-01
1.891891891891891886e+00,2.654220144810666593e+00,8.999213873879152725e-01
1.901901901901901892e+00,2.646384718526109125e+00,9.028914110805972282e-01
1.911911911911911899e+00,2.638478289382154784e+00,9.058583748832451654e-01
1.921921921921921905e+00,2.630501995218958111e+00,9.088219508070924935e-01
1.931931931931931912e+00,2.622457067244621687e+00,9.117817516502725317e-01
1.941941941941941918e+00,2.614344830035199685e+00,9.147373309978192868e-01
1.951951951951951925e+00,2.606166701534695651e+00,9.176881832216663426e-01
1.961961961961961931e+00,2.597924193055063391e+00,9.206337434806479703e-01
1.971971971971971938e+00,2.589618909276206971e+00,9.235733877204982400e-01
1.981981981981981944e+00,2.581252548245979828e+00,9.265064326738516876e-01
1.991991991991991950e+00,2.572826901380186548e+00,9.294321358602428695e-01
2.002002002002002179e+00,2.564343853462580647e+00,9.323496955861065860e-01
2.012012012012012185e+00,2.555805382644866786e+00,9.352582509447776582e-01
2.022022022022022192e+00,2.547213560446698999e+00,9.381568818164912615e-01
2.032032032032032198e+00,2.538570551755681581e+00,9.410446088683825927e-01
2.042042042042042205e+00,2.529878614827368644e+00,9.439203935544870916e-01
2.052052052052052211e+00,2.521140101285265445e+00,9.467831381157405524e-01
2.062062062062062218e+00,2.512357456120825283e+00,9.496316855799786794e-01
2.072072072072072224e+00,2.503533217693453494e+00,9.524648197619374201e-01
2.082082082082082231e+00,2.494670017730504341e+00,9.552812652632529655e-01
2.092092092092092237e+00,2.485770581327282791e+00,9.580796874724616385e-01
2.102102102102102243e+00,2.476837726947044072e+00,9.608586925649997834e-01
2.112112112112112250e+00,2.467874366420992338e+00,9.636168275032043207e-01
2.122122122122122256e+00,2.458883504948282894e+00,9.663525800363119700e-01
2.132132132132132263e+00,2.449868241096020416e+00,9.690643787004596943e-01
2.142142142142142269e+00,2.440831766799260283e+00,9.717505928186846997e-01
2.152152152152152276e+00,2.431777367361007691e+00,9.744095325009244357e-01
2.162162162162162282e+00,2.422708421452217653e+00,9.770394486440163728e-01
2.172172172172172289e+00,2.413628401111795885e+00,9.796385329316982249e-01
2.182182182182182295e+00,2.404540871746597031e+00,9.822049178346079490e-01
2.192192192192192302e+00,2.395449492131427327e+00,9.847366766102836344e-01
2.202202202202202308e+00,2.386358014409041495e+00,9.872318233031632806e-01
2.212212212212212314e+00,2.377270284090145847e+00,9.896883127445855743e-01
2.222222222222222321e+00,2.368190240053395623e+00,9.921040405527888906e-01
2.232232232232232327e+00,2.359121914545396770e+00,9.944768431329120695e-01
2.242242242242242334e+00,2.350069433180705047e+00,9.968044976769940835e-01
2.252252252252252340e+00,2.341037014941826033e+00,9.990847221639740372e-01
2.262262262262262347e+00,2.332028972179216009e+00,1.001315175359691168e+00
2.272272272272272353e+00,2.323049710611280627e+00,1.003493456816884954e+00
2.282282282282282360e+00,2.314103729324376690e+00,1.005617106875194899e+00
2.292292292292292366e+00,2.305195620772809484e+00,1.007683606661160969e+00
2.302302302302302373e+00,2.296328685478665754e+00,1.009691672327480472e+00
2.312312312312312379e+00,2.287503803187427298e+00,1.011642670869321137e+00
2.322322322322322385e+00,2.278731052471016483e+00,1.013529956175956759e+00
2.332332332332332392e+00,2.270021479793671748e+00,1.015346136594377002e+00
2.342342342342342398e+00,2.261386076615509833e+00,1.017084004320249147e+00
2.352352352352352405e+00,2.252835779392526661e+00,1.018736535397919196e+00
2.362362362362362411e+00,2.244381469576595123e+00,1.020296889720410771e+00
2.372372372372372418e+00,2.236033973615466408e+00,1.021758411029426661e+00
2.382382382382382424e+00,2.227804062952770003e+00,1.023114626915346825e+00
2.392392392392392431e+00,2.219702454028013694e+00,1.024359248817230394e+00
2.402402402402402437e+00,2.211739808276583119e+00,1.025486172022813669e+00
2.412412412412412444e+00,2.203926732129741772e+00,1.026489475668511897e+00
2.422422422422422450e+00,2.196273777014631889e+00,1.027363422739418386e+00
2.432432432432432456e+00,2.188791439354274004e+00,1.028102460069304502e+00
2.442442442442442463e+00,2.181490160567565617e+00,1.028701218340619894e+00
2.452452452452452469e+00,2.174380327069283414e+00,1.029154512084492490e+00
2.462462462462462476e+00,2.167472270270081935e+00,1.029457339680728500e+00
2.472472472472472482e+00,2.160776266576493576e+00,1.029604883357811973e+00
2.482482482482482489e+00,2.154302537390929029e+00,1.029592509192905458e+00
2.492492492492492495e+00,2.148061249111677729e+00,1.029415767111849567e+00
2.502502502502502502e+00,2.142062513132906076e+00,1.029070390889163411e+00
2.512512512512512508e+00,2.136316385844658772e+00,1.028552298148043942e+00
2.522522522522522515e+00,2.130832868632860144e+00,1.027857590360366391e+00
2.532532532532532521e+00,2.125621907879310601e+00,1.026982552846684493e+00
2.542542542542542527e+00,2.120693394961690181e+00,1.025923654776229821e+00
2.552552552552552534e+00,2.116057166253555888e+00,1.024677549166912227e+00
2.562562562562562540e+00,2.111723003124344356e+00,1.023241072885319847e+00
2.572572572572572547e+00,2.107700631939368741e+00,1.021611246646719096e+00
2.582582582582582553e+00,2.103999724059820942e+00,1.019785275015054671e+00
2.592592592592592560e+00,2.100629895842771599e+00,1.017760546402949107e+00
2.602602602602602566e+00,2.097600708641168321e+00,1.015534633071703219e+00
2.612612612612612573e+00,2.094921668803838344e+00,1.013105291131296548e+00
2.622622622622622579e+00,2.092602227675484983e+00,1.010470460540386028e+00
2.632632632632632586e+00,2.090651781596691627e+00,1.007628265106307763e+00
2.642642642642642592e+00,2.089079671903918634e+00,1.004577012485075027e+00
2.652652652652652598e+00,2.087895184929505543e+00,1.001315194181380042e+00
2.662662662662662605e+00,2.087107552001668420e+00,9.978414855485928658e-01
2.672672672672672611e+00,2.086727270977664972e+00,9.941506252117726650e-01
2.682682682682682618e+00,2.086762680974578732e+00,9.902344843700847665e-01
2.692692692692692624e+00,2.087213400759885484e+00,9.861011067873557412e-01
2.702702702702702631e+00,2.088078119565223822e+00,9.817594964480701458e-01
2.712712712712712637e+00,2.089354974972896350e+00,9.772187232799786072e-01
2.722722722722722644e+00,2.091041552915870128e+00,9.724879231540983771e-01
2.732732732732732650e+00,2.093134887677778444e+00,9.675762978847127771e-01
2.742742742742742657e+00,2.095631461892916825e+00,9.624931152293715320e-01
2.752752752752752663e+00,2.098527206546247914e+00,9.572477088888905472e-01
2.762762762762762669e+00,2.101817500973396591e+00,9.518494785073522424e-01
2.772772772772772676e+00,2.105497172860654853e+00,9.463078896721051070e-01
2.782782782782782682e+00,2.109560498244976934e+00,9.406324739137640334e-01
2.792792792792792689e+00,2.114001201513983297e+00,9.348328287062102060e-01
2.802802802802802695e+00,2.118812455405957973e+00,9.289186174665911011e-01
2.812812812812812702e+00,2.123986881009851224e+00,9.228995695553205980e-01
2.822822822822822708e+00,2.129516547765275991e+00,9.167854802760786459e-01
2.832832832832832715e+00,2.135392973462511446e+00,9.105862108758115969e-01
2.842842842842842721e+00,2.141607124242500326e+00,9.043116885447323172e-01
2.852852852852852727e+00,2.148149414596850271e+00,8.979719064163197428e-01
2.862862862862862734e+00,2.155009707367833816e+00,8.915769235673189907e-01
2.872872872872872740e+00,2.162177313748387952e+00,8.851368650177418029e-01
2.882882882882882747e+00,2.169640993282114572e+00,8.786619217308659913e-01
2.892892892892892753e+00,2.177388953863279575e+00,8.721623506132356596e-01
2.902902902902902760e+00,2.185408851736814206e+00,8.656484745146614257e-01
2.912912912912912766e+00,2.193687791498314166e+00,8.591306822282199773e-01
2.922922922922922773e+00,2.202212326094039163e+00,8.526194284902544052e-01
2.932932932932932779e+00,2.210968456820914252e+00,8.461252339803740918e-01
2.942942942942942786e+00,2.219941633326528940e+00,8.396586853214547119e-01
2.952952952952952792e+00,2.229116753609137191e+00,8.332304350796382320e-01
2.962962962962962798e+00,2.238478164017657868e+00,8.268512017643329104e-01
2.972972972972972805e+00,2.248009659251674286e+00,8.205317698282134087e-01
2.982982982982982811e+00,2.257694482361434218e+00,8.142829896672204582e-01
2.992992992992992818e+00,2.267515324747850336e+00,8.081157776205613041e-01
3.003003003003002824e+00,2.277454326162500209e+00,8.020411159707093729e-01
3.013013013013012831e+00,2.287493074707625862e+00,7.960700529434043826e-01
3.023023023023022837e+00,2.297612606836132887e+00,7.902137027076526765e-01
3.033033033033032844e+00,2.307793407351593107e+00,7.844832453757263346e-01
3.043043043043042850e+00,2.318031175676103839e+00,7.788847995386243284e-01
3.053053053053052857e+00,2.328337970740241403e+00,7.734157004383948042e-01
3.063063063063062863e+00,2.338701089233612862e+00,7.680786764950118251e-01
3.073073073073072869e+00,2.349107672685903925e+00,7.628764110637319407e-01
3.083083083083082876e+00,2.359545270707324782e+00,7.578113855325482318e-01
3.093093093093092882e+00,2.370001840988614106e+00,7.528858793221907542e-01
3.103103103103102889e+00,2.380465749301035050e+00,7.481019698861263167e-01
3.113113113113112895e+00,2.390925769496378805e+00,7.434615327105583704e-01
3.123123123123122902e+00,2.401371083506961934e+00,7.389662413144271191e-01
3.133133133133132908e+00,2.411791281345627702e+00,7.346175672494096309e-01
3.143143143143142915e+00,2.422176361105746523e+00,7.304167800999197269e-01
3.153153153153152921e+00,2.432516728961214181e+00,7.263649474831079811e-01
3.163163163163162928e+00,2.442803199166453609e+00,7.224629350488614987e-01
3.173173173173172934e+00,2.453026994056413557e+00,7.187114064798043600e-01
3.183183183183182940e+00,2.463179744046569031e+00,7.151108234912976203e-01
3.193193193193192947e+00,2.473253487632923076e+00,7.116614458314386438e-01
3.203203203203202953e+00,2.483240671392003218e+00,7.083633312810617699e-01
3.213213213213213404e+00,2.493134149980865466e+00,7.052163356537380912e-01
3.223223223223223410e+00,2.502927186137088977e+00,7.022201127957755640e-01
3.233233233233233417e+00,2.512613450678782279e+00,6.993741145862186759e-01
3.243243243243243423e+00,2.522187022504579712e+00,6.966775909368488895e-01
3.253253253253253430e+00,2.531642388593641879e+00,6.941295897921843094e-01
3.263263263263263436e+00,2.540974444005654753e+00,6.917289571294797934e-01
3.273273273273273443e+00,2.550178491880832787e+00,6.894743369587269521e-01
3.283283283283283449e+00,2.559250243439914474e+00,6.873641713226542604e-01
3.293293293293293456e+00,2.568185817984167230e+00,6.853967002967267241e-01
3.303303303303303462e+00,2.576981742895382954e+00,6.835699619891464351e-01
3.313313313313313468e+00,2.585634953635880251e+00,6.818817925408520164e-01
3.323323323323323475e+00,2.594142793748505760e+00,6.803298261255188439e-01
3.333333333333333481e+00,2.602503014856630159e+00,6.789114949495591578e-01
3.343343343343343488e+00,2.610713776664152164e+00,6.776240292521219510e-01
3.353353353353353494e+00,2.618773646955496304e+00,6.764644573050928589e-01
3.363363363363363501e+00,2.626681601595613813e+00,6.754296054130943805e-01
3.373373373373373507e+00,2.634437024529982629e+00,6.745160979134857682e-01
3.383383383383383514e+00,2.642039707784606506e+00,6.737203571763630272e-01
3.393393393393393520e+00,2.649489851466015455e+00,6.730386036045588050e-01
3.403403403403403527e+00,2.656788063761266194e+00,6.724668556336427239e-01
3.413413413413413533e+00,2.663935360937943031e+00,6.720009297319209374e-01
3.423423423423423539e+00,2.670933167344154313e+00,6.716364404004365740e-01
3.433433433433433546e+00,2.677783315408537312e+00,6.713688001729694044e-01
3.443443443443443552e+00,2.684488045640253784e+00,6.711932196160358410e-01
3.453453453453453559e+00,2.691050006628992630e+00,6.711047073288892717e-01
3.463463463463463565e+00,2.697472255044969458e+00,6.710980699435198371e-01
3.473473473473473572e+00,2.703758255638926578e+00,6.711679121246542090e-01
3.483483483483483578e+00,2.709911881242131226e+00,6.713086365697560343e-01
3.493493493493493585e+00,2.715937412766378678e+00,6.715144440090256017e-01
3.503503503503503591e+00,2.721839539203989577e+00,6.717793332054000643e-01
3.513513513513513598e+00,2.727623357627811718e+00,6.720971009545532171e-01
3.523523523523523604e+00,2.733294373191219151e+00,6.724613420848957190e-01
3.533533533533533610e+00,2.738858371698898786e+00,6.728655597033439406e-01
3.543543543543543617e+00,2.744288987316192863e+00,6.733309948923574817e-01
3.553553553553553623e+00,2.749564786506687675e+00,6.738739512964810885e-01
3.563563563563563630e+00,2.754688467335803193e+00,6.744897844366211093e-01
3.573573573573573636e+00,2.759662637718245826e+00,6.751740288700776027e-01
3.583583583583583643e+00,2.764489815418010199e+00,6.759223981905441159e-01
3.593593593593593649e+00,2.769172428048380041e+00,6.767307850281082393e-01
3.603603603603603656e+00,2.773712813071925964e+00,6.775952610492512740e-01
3.613613613613613662e+00,2.778113217800508572e+00,6.785120769568478982e-01
3.623623623623623669e+00,2.782375799395274463e+00,6.794776624901669448e-01
3.633633633633633675e+00,2.786502624866660227e+00,6.804886264248707350e-01
3.643643643643643681e+00,2.790495671074389783e+00,6.815417565730154115e-01
3.653653653653653688e+00,2.794356824727475708e+00,6.826340197830508272e-01
3.663663663663663694e+00,2.798087882384217906e+00,6.837625619398203236e-01
3.673673673673673701e+00,2.801690550452204942e+00,6.849247079645615077e-01
3.683683683683683707e+00,2.805166445188314484e+00,6.861179618149051418e-01
3.693693693693693714e+00,2.808517092698710638e+00,6.873400064848760316e-01
3.703703703703703720e+00,2.811743928938846615e+00,6.885887040048926933e-01
3.713713713713713727e+00,2.814848299713464286e+00,6.898620954417672424e-01
3.723723723723723733e+00,2.817831460676592847e+00,6.911584008987057270e-01
3.733733733733733740e+00,2.820694577331550157e+00,6.924760195153075726e-01
3.743743743743743746e+00,2.823438725030941843e+00,6.938135294675664699e-01
3.753753753753753752e+00,2.826064888976662193e+00,6.951696879678691543e-01
3.763763763763763759e+00,2.828573964219893266e+00,6.965434312649967374e-01
3.773773773773773765e+00,2.830966755661105783e+00,6.979338746441235974e-01
3.783783783783783772e+00,2.833243978050058232e+00,6.993403124268181559e-01
3.793793793793793778e+00,2.835406255985797319e+00,7.007622179710423227e-01
3.803803803803803785e+00,2.837454123916657966e+00,7.021992436711518293e-01
3.813813813813813791e+00,2.839388026140263310e+00,7.036512209578962285e-01
3.823823823823823798e+00,2.841208316803524703e+00,7.051181602984186725e-01
3.833833833833833804e+00,2.842915259902641711e+00,7.066002511962560240e-01
3.843843843843843811e+00,2.844509029283102119e+00,7.080978621913388560e-01
3.853853853853853817e+00,2.845989708639681925e+00,7.096115408599917851e-01
3.863863863863863823e+00,2.847357291516444899e+00,7.111420138149326942e-01
3.873873873873873830e+00,2.848611681306743026e+00,7.126901867052733985e-01
3.883883883883883836e+00,2.849752691253216952e+00,7.142571442165196460e-01
3.893893893893893843e+00,2.850780044447795980e+00,7.158441500705704508e-01
3.903903903903903849e+00,2.851693373831695855e+00,7.174526470257190924e-01
3.913913913913913856e+00,2.852492222195421423e+00,7.190842568766521170e-01
3.923923923923923862e+00,2.853176042178767080e+00,7.207407804544500030e-01
3.933933933933933869e+00,2.853744196270812772e+00,7.224241976265870502e-01
3.943943943943943875e+00,2.854195956809928880e+00,7.241366672969310470e-01
3.953953953953953881e+00,2.854530505983772670e+00,7.258805274057436030e-01
3.963963963963963888e+00,2.854746935829290067e+00,7.276582949296801495e-01
3.973973973973973894e+00,2.854844248232715653e+00,7.294726658817898279e-01
3.983983983983983901e+00,2.854823538021521667e+00,7.313223936726797048e-01
3.993993993993993907e+00,2.854695630043056820e+00,7.331881634130681391e-01
4.004004004004004358e+00,2.854463392327108551e+00,7.350661113715752926e-01
4.014014014014014364e+00,2.854128266682200543e+00,7.369551062737925706e-01
4.024024024024024371e+00,2.853691681577758210e+00,7.388540567100431167e-01
4.034034034034034377e+00,2.853155052144109138e+00,7.407619111353820340e-01
4.044044044044044384e+00,2.852519780172482644e+00,7.426776578695961639e-01
4.054054054054054390e+00,2.851787254115010661e+00,7.446003250972038634e-01
4.064064064064064397e+00,2.850958849084725522e+00,7.465289808674553385e-01
4.074074074074074403e+00,2.850035926855562618e+00,7.484627330943325330e-01
4.084084084084084409e+00,2.849019835862359074e+00,7.504007295565491287e-01
4.094094094094094416e+00,2.847911911200852852e+00,7.523421578975503232e-01
4.104104104104104422e+00,2.846713474627684981e+00,7.542862456255134962e-01
4.114114114114114429e+00,2.845425834560397327e+00,7.562322601133474320e-01
4.124124124124124435e+00,2.844050286077434375e+00,7.581795085986925420e-01
4.134134134134134442e+00,2.842588110918141897e+00,7.601273381839211973e-01
4.144144144144144448e+00,2.841040577482768281e+00,7.620751358361376182e-01
4.154154154154154455e+00,2.839408940832462758e+00,7.640223283871773186e-01
4.164164164164164461e+00,2.837694442689277174e+00,7.659683825336078833e-01
4.174174174174174468e+00,2.835898311436165109e+00,7.679128048367285242e-01
4.184184184184184474e+00,2.834021762116980980e+00,7.698551417225703020e-01
4.194194194194194480e+00,2.832065996436483157e+00,7.717949794818956821e-01
4.204204204204204487e+00,2.830032202760329518e+00,7.737319442701993122e-01
4.214214214214214493e+00,2.827921556115081003e+00,7.756657021077071335e-01
4.224224224224224500e+00,2.825735218188200726e+00,7.775959588793771582e-01
4.234234234234234506e+00,2.823474337328053085e+00,7.795224603348989145e-01
4.244244244244244513e+00,2.821140048543904211e+00,7.814449920886937795e-01
4.254254254254254519e+00,2.818733473505921960e+00,7.833633796199147570e-01
4.264264264264264526e+00,2.816255720545177255e+00,7.852774882724466998e-01
4.274274274274274532e+00,2.813707884653640967e+00,7.871872232549060877e-01
4.284284284284284539e+00,2.811091047484187477e+00,7.890925296406411382e-01
4.294294294294294545e+00,2.808406277350592006e+00,7.909933923677319179e-01
4.304304304304304551e+00,2.805654629227531949e+00,7.928898362389901200e-01
4.314314314314314558e+00,2.802837144750586429e+00,7.947819259219591759e-01
4.324324324324324564e+00,2.799954852216237189e+00,7.966697659489141436e-01
4.334334334334334571e+00,2.797008766581866812e+00,7.985535007168621524e-01
4.344344344344344577e+00,2.793999889465759612e+00,8.004333144875416250e-01
4.354354354354354584e+00,2.790929209147102519e+00,8.023094313874229444e-01
4.364364364364364590e+00,2.787797700565984638e+00,8.041821154077083422e-01
4.374374374374374597e+00,2.784606325323395026e+00,8.060516704043314551e-01
4.384384384384384603e+00,2.781356031681227137e+00,8.079184400979579905e-01
4.394394394394394610e+00,2.778047754562273930e+00,8.097828080739851719e-01
4.404404404404404616e+00,2.774682415550231873e+00,8.116451977825419606e-01
4.414414414414414622e+00,2.771260922889698275e+00,8.135060725384891667e-01
4.424424424424424629e+00,2.767784171786376479e+00,8.153659342025365575e-01
4.434434434434434635e+00,2.764253627666675150e+00,8.172230125648690668e-01
4.444444444444444642e+00,2.760671152306762632e+00,8.190747702125226182e-01
4.454454454454454648e+00,2.757038306654743920e+00,8.209202972234291851e-01
4.464464464464464655e+00,2.753356669458172590e+00,8.227586927837788888e-01
4.474474474474474661e+00,2.749627837264053021e+00,8.245890651880193323e-01
4.484484484484484668e+00,2.745853424418838618e+00,8.264105318388563770e-01
4.494494494494494674e+00,2.742035063068431366e+00,8.282222192472535882e-01
4.504504504504504681e+00,2.738174403158184500e+00,8.300232630324325678e-01
4.514514514514514687e+00,2.734273112432898944e+00,8.318128079218726212e-01
4.524524524524524693e+00,2.730332876436826428e+00,8.335900077513110906e-01
4.534534534534534700e+00,2.726355398513667705e+00,8.353540254647432439e-01
4.544544544544544706e+00,2.722342399806573443e+00,8.371040331144221636e-01
4.554554554554554713e+00,2.718295619258142892e+00,8.388392118608588577e-01
4.564564564564564719e+00,2.714216813610426104e+00,8.405587519728221491e-01
4.574574574574574726e+00,2.710107757404921713e+00,8.422618528273390082e-01
4.584584584584584732e+00,2.705970242982577822e+00,8.439477229096941091e-01
4.594594594594594739e+00,2.701806080483793338e+00,8.456155798134299406e-01
4.604604604604604745e+00,2.697617097848414414e+00,8.472646502403470281e-01
4.614614614614614752e+00,2.693405140815738896e+00,8.488941700005039337e-01
4.624624624624624758e+00,2.689172072924513213e+00,8.505033840122167010e-01
4.634634634634634764e+00,2.684919775512932816e+00,8.520915463020597436e-01
4.644644644644644771e+00,2.680650147718643961e+00,8.536579200048650673e-01
4.654654654654654777e+00,2.676365106478741485e+00,8.552017773637227149e-01
4.664664664664664784e+00,2.672066586529769694e+00,8.567223997299805438e-01
4.674674674674674790e+00,2.667756540407722810e+00,8.582190775632443369e-01
4.684684684684684797e+00,2.663436938448044522e+00,8.596911104313778029e-01
4.694694694694694803e+00,2.659109768785627548e+00,8.611378070105024651e-01
4.704704704704704810e+00,2.654777037354815405e+00,8.625584850849978835e-01
4.714714714714714816e+00,2.650440767889399307e+00,8.639524715475014327e-01
4.724724724724724823e+00,2.646103001922621267e+00,8.653191023989084130e-01
4.734734734734734829e+00,2.641765798787172770e+00,8.666577227483720502e-01
4.744744744744744835e+00,2.637431235615194325e+00,8.679676868133031631e-01
4.754754754754754842e+00,2.633101407338275912e+00,8.692483579193710508e-01
4.764764764764764848e+00,2.628778426687457426e+00,8.704991085005024942e-01
4.774774774774774855e+00,2.624464424193228229e+00,8.717193200988821999e-01
4.784784784784784861e+00,2.620161548185527156e+00,8.729083833649528001e-01
4.794794794794794868e+00,2.615871964793742066e+00,8.740656980574149637e-01
4.804804804804804874e+00,2.611597857946711176e+00,8.751906730432271742e-01
4.814814814814814881e+00,2.607341429372721731e+00,8.762827262976058407e-01
4.824824824824824887e+00,2.603104898599510442e+00,8.773412849040250761e-01
4.834834834834834894e+00,2.598890502954263937e+00,8.783657850542171408e-01
4.844844844844844900e+00,2.594700497563617425e+00,8.793556720481721101e-01
4.854854854854854906e+00,2.590537155353657361e+00,8.803104002941378736e-01
4.864864864864864913e+00,2.586402767049917895e+00,8.812294333086203579e-01
4.874874874874874919e+00,2.582299641177383975e+00,8.821122437163833041e-01
4.884884884884884926e+00,2.578230104060488692e+00,8.829583132504483789e-01
4.894894894894894932e+00,2.574196499823116380e+00,8.837671327520950637e-01
4.904904904904904939e+00,2.570201190388599510e+00,8.845382021708609876e-01
4.914914914914914945e+00,2.566246555479720914e+00,8.852710305645412614e-01
4.924924924924924952e+00,2.562334992618712448e+00,8.859651360991893654e-01
4.934934934934934958e+00,2.558468917127255882e+00,8.866200460491163726e-01
4.944944944944944965e+00,2.554650762126481567e+00,8.872352967968912818e-01
4.954954954954954971e+00,2.550882978536971102e+00,8.878104338333410173e-01
4.964964964964964977e+00,2.547168035078753778e+00,8.883450117575505400e-01
4.974974974974974984e+00,2.543508418271309246e+00,8.888385942768625148e-01
4.984984984984984990e+00,2.539896642779108316e+00,8.892930439254719266e-01
4.994994994994994997e+00,2.536324496167066567e+00,8.897096269513006250e-01
5.005005005005005003e+00,2.532797780967295243e+00,8.900859829443218407e-01
5.015015015015015010e+00,2.529322166761901247e+00,8.904198517326304962e-01
5.025025025025025016e+00,2.525903136687098094e+00,8.907090865864408791e-01
5.035035035035035023e+00,2.522545987433205017e+00,8.909516542180861975e-01
5.045045045045045029e+00,2.519255829244649192e+00,8.911456347820193580e-01
5.055055055055055035e+00,2.516037585919963959e+00,8.912892218748117434e-01
5.065065065065065042e+00,2.512895994811789713e+00,8.913807225351546570e-01
5.075075075075075048e+00,2.509835606826873011e+00,8.914185572438579896e-01
5.085085085085085055e+00,2.506860786426067023e+00,8.914012599238512191e-01
5.095095095095095061e+00,2.503975711624332856e+00,8.913274779401827441e-01
5.105105105105105068e+00,2.501184373990736898e+00,8.911959721000203283e-01
5.115115115115115074e+00,2.498490578648452587e+00,8.910056166526506560e-01
5.125125125125125081e+00,2.495897944274760860e+00,8.907553992894799988e-01
5.135135135135135087e+00,2.493409903101048819e+00,8.904444211440333268e-01
5.145145145145145094e+00,2.491029700912809730e+00,8.900718967919553082e-01
5.155155155155155100e+00,2.488760397049644357e+00,8.896371542510094210e-01
5.165165165165165106e+00,2.486604864405260074e+00,8.891396349810785082e-01
5.175175175175175113e+00,2.484565789427470861e+00,8.885788938841643336e-01
5.185185185185185119e+00,2.482645672118196867e+00,8.879545993043882479e-01
5.195195195195195126e+00,2.480846826033465735e+00,8.872665330279905227e-01
5.205205205205205132e+00,2.479171378283411720e+00,8.865145902833306835e-01
5.215215215215215139e+00,2.477621269532275239e+00,8.856987797408872876e-01
5.225225225225225145e+00,2.476198253998404208e+00,8.848192235132583683e-01
5.235235235235235152e+00,2.474903899454252265e+00,8.838761571551608798e-01
5.245245245245245158e+00,2.473739587226380543e+00,8.828699296634310301e-01
5.255255255255255165e+00,2.472706512195456341e+00,8.818010034770243921e-01
5.265265265265265171e+00,2.471805682796254455e+00,8.806699544770153487e-01
5.275275275275275177e+00,2.471037921017655847e+00,8.794774719865979806e-01
5.285285285285285184e+00,2.470403862402648087e+00,8.782243587710849564e-01
5.295295295295295190e+00,2.469903956048325355e+00,8.769115310379086425e-01
5.305305305305305197e+00,2.469538464605889327e+00,8.755400184366202154e-01
5.315315315315315203e+00,2.469307464280647402e+00,8.741109640588902163e-01
5.325325325325325210e+00,2.469210844832014029e+00,8.726256244385085514e-01
5.335335335335335216e+00,2.469248309573511158e+00,8.710853695513838257e-01
5.345345345345345223e+00,2.469419375372766456e+00,8.694916828155442312e-01
5.355355355355355229e+00,2.469723372651514204e+00,8.678461610911369917e-01
5.365365365365365236e+00,2.470159445385596175e+00,8.661505146804284738e-01
5.375375375375375242e+00,2.470726551104960311e+00,8.644065673278045203e-01
5.385385385385385248e+00,2.471423460893661606e+00,8.626162562197696726e-01
5.395395395395395255e+00,2.472248759389861661e+00,8.607816319849479481e-01
5.405405405405405261e+00,2.473200844785828245e+00,8.589048586940826180e-01
5.415415415415415268e+00,2.474277928827937068e+00,8.569882138600359855e-01
5.425425425425425274e+00,2.475478036816668670e+00,8.550340884377894968e-01
5.435435435435435281e+00,2.476799007606612424e+00,8.530449868244438516e-01
5.445445445445445287e+00,2.478238493606462978e+00,8.510235268592191149e-01
5.455455455455455294e+00,2.479793960779022477e+00,8.489724398234541614e-01
5.465465465465465300e+00,2.481462688641198788e+00,8.468945704406074526e-01
5.475475475475475307e+00,2.483241770264007275e+00,8.447928768762562601e-01
5.485485485485485313e+00,2.485128112272569911e+00,8.426704307380972203e-01
5.495495495495495319e+00,2.487118434846115722e+00,8.405304170759461124e-01
5.505505505505505326e+00,2.489209271717979455e+00,8.383761343817380807e-01
5.515515515515515332e+00,2.491396970175603354e+00,8.362109945895270791e-01
5.525525525525525339e+00,2.493677691060536272e+00,8.340385230754867596e-01
5.535535535535535345e+00,2.496047408768433673e+00,8.318623586579092510e-01
5.545545545545545352e+00,2.498501911249057628e+00,8.296862535972066022e-01
5.555555555555555358e+00,2.501036800006276817e+00,8.275140735959095606e-01
5.565565565565565365e+00,2.503647490098066974e+00,8.253497977986682388e-01
5.575575575575575371e+00,2.506329210136510444e+00,8.231975187922520032e-01
5.585585585585585378e+00,2.509077002287796176e+00,8.210614426055491410e-01
5.595595595595595384e+00,2.511885722272219734e+00,8.189458887095673045e-01
5.605605605605605390e+00,2.514743921551475303e+00,8.168588120968502952e-01
5.615615615615615397e+00,2.517640995807804760e+00,8.148060163360936192e-01
5.625625625625625403e+00,2.520577735723456225e+00,8.127856581334422792e-01
5.635635635635635410e+00,2.523554906082071447e+00,8.107959356438431131e-01
5.645645645645645416e+00,2.526573153578950848e+00,8.088351464968775995e-01
5.655655655655655423e+00,2.529633006821053076e+00,8.069016877967618573e-01
5.665665665665665429e+00,2.532734876326997231e+00,8.049940561223469793e-01
5.675675675675675436e+00,2.535879054527060195e+00,8.031108475271184766e-01
5.685685685685685442e+00,2.539065715763177966e+00,8.012507575391966119e-01
5.695695695695695449e+00,2.542294916288944773e+00,7.994125811613362886e-01
5.705705705705705455e+00,2.545566594269614846e+00,7.975952128709272726e-01
5.715715715715715461e+00,2.548880569782101091e+00,7.957976466199939702e-01
5.725725725725725468e+00,2.552236544814974195e+00,7.940189758351952065e-01
5.735735735735735474e+00,2.555634103268464408e+00,7.922583934178250020e-01
5.745745745745745481e+00,2.559072710954461538e+00,7.905151917438114628e-01
5.755755755755755487e+00,2.562551715596513624e+00,7.887887626637178906e-01
5.765765765765765494e+00,2.566070346829826931e+00,7.870785975027421166e-01
5.775775775775775500e+00,2.569627716201267287e+00,7.853842870607165016e-01
5.785785785785785507e+00,2.573222817169360077e+00,7.837055216121081580e-01
5.795795795795795513e+00,2.576854525104288474e+00,7.820420909060191716e-01
5.805805805805805520e+00,2.580521597287894320e+00,7.803938841661860470e-01
5.815815815815815526e+00,2.584222672913679464e+00,7.787608900909798182e-01
5.825825825825825532e+00,2.587956273086803982e+00,7.771431968534066037e-01
5.835835835835835539e+00,2.591720800824087068e+00,7.755409921011070518e-01
5.845845845845845545e+00,2.595514541054005697e+00,7.739545629563564511e-01
5.855855855855855552e+00,2.599335660616697297e+00,7.723842960160646198e-01
5.865865865865865558e+00,2.603182208263957520e+00,7.708306773517764610e-01
5.875875875875875565e+00,2.607052114659240694e+00,7.692942925096712958e-01
5.885885885885885571e+00,2.610943192377659816e+00,7.677758265105631974e-01
5.895895895895895578e+00,2.614853135905987891e+00,7.662760638499008792e-01
5.905905905905905584e+00,2.618779521642654817e+00,7.647958884977678062e-01
5.915915915915915591e+00,2.622719807897751831e+00,7.633362838988820842e-01
5.925925925925925597e+00,2.626671334893026621e+00,7.618983329725966813e-01
5.935935935935935603e+00,2.630631324761887768e+00,7.604832181128989843e-01
5.945945945945945610e+00,2.634596881549401637e+00,7.590922211884112425e-01
5.955955955955955616e+00,2.638564991212292821e+00,7.577267235423902347e-01
5.965965965965965623e+00,2.642532521618946806e+00,7.563882059927278245e-01
5.975975975975975629e+00,2.646496222549405974e+00,7.550782488319499608e-01
5.985985985985985636e+00,2.650452725695372713e+00,7.537985318272177881e-01
5.995995995995995642e+00,2.654398544660207637e+00,7.525508342203269807e-01
6.006006006006005649e+00,2.658330074958930922e+00,7.513370347277077421e-01
6.016016016016015655e+00,2.662243594018220527e+00,7.501591115404252497e-01
6.026026026026025662e+00,2.666135261176414861e+00,7.490191423241792101e-01
6.036036036036035668e+00,2.670001117683509673e+00,7.479193042193038599e-01
6.046046046046045674e+00,2.673837086701160271e+00,7.468618738407685198e-01
6.056056056056055681e+00,2.677638973302681080e+00,7.458492272781768184e-01
6.066066066066065687e+00,2.681402464473044756e+00,7.448838400957673578e-01
6.076076076076075694e+00,2.685123129108883067e+00,7.439682873324131585e-01
6.086086086086085700e+00,2.688796418018487344e+00,7.431052435016222146e-01
6.096096096096095707e+00,2.692417663921806259e+00,7.422974825915369390e-01
6.106106106106105713e+00,2.695982081450449375e+00,7.415478780649347179e-01
6.116116116116115720e+00,2.699484767147683151e+00,7.408594028592274672e-01
6.126126126126125726e+00,2.702920699468434051e+00,7.402351293864616322e-01
6.136136136136135732e+00,2.706284738779287213e+00,7.396782295333186319e-01
6.146146146146145739e+00,2.709571627358486445e+00,7.391919746611144149e-01
6.156156156156155745e+00,2.712775989395935117e+00,7.387797356057997922e-01
6.166166166166165752e+00,2.715892330993193937e+00,7.384449826779599935e-01
6.176176176176175758e+00,2.718915040163484065e+00,7.381912856628151109e-01
6.186186186186185765e+00,2.721838386831684886e+00,7.380223138202198774e-01
6.196196196196195771e+00,2.724656522834334460e+00,7.379418358846638881e-01
6.206206206206205778e+00,2.727363481919630406e+00,7.379537200652710460e-01
6.216216216216215784e+00,2.729953179747428127e+00,7.380619340458003386e-01
6.226226226226225791e+00,2.732440632961348648e+00,7.382477879032127710e-01
6.236236236236235797e+00,2.734858552078273775e+00,7.384740964207663350e-01
6.246246246246245803e+00,2.737207207196886927e+00,7.387388672250073673e-01
6.256256256256255810e+00,2.739486356402592193e+00,7.390407182981005851e-01
6.266266266266265816e+00,2.741695783268290665e+00,7.393782988025705549e-01
6.276276276276275823e+00,2.743835296854378214e+00,7.397502890813016929e-01
6.286286286286285829e+00,2.745904731708745938e+00,7.401554006575388200e-01
6.296296296296295836e+00,2.747903947866780161e+00,7.405923762348863848e-01
6.306306306306305842e+00,2.749832830851363319e+00,7.410599896973089074e-01
6.316316316316315849e+00,2.751691291672873074e+00,7.415570461091313126e-01
6.326326326326325855e+00,2.753479266829181871e+00,7.420823817150379309e-01
6.336336336336335862e+00,2.755196718305657821e+00,7.426348639400736085e-01
6.346346346346345868e+00,2.756843633575165153e+00,7.432133913896429300e-01
6.356356356356355874e+00,2.758420025598062431e+00,7.438168938495105520e-01
6.366366366366365881e+00,2.759925932822204331e+00,7.444443322858010914e-01
6.376376376376375887e+00,2.761361419182940757e+00,7.450946988449994590e-01
6.386386386386385894e+00,2.762726574103116839e+00,7.457670168539500821e-01
6.396396396396395900e+00,2.764021512493073374e+00,7.464603408198579038e-01
6.406406406406405907e+00,2.765246374750645941e+00,7.471737564302874945e-01
6.416416416416416801e+00,2.766401326761167123e+00,7.479063805531638298e-01
6.426426426426426808e+00,2.767486559897462950e+00,7.486573612367712904e-01
6.436436436436436814e+00,2.768502291019855566e+00,7.494258777097548840e-01
6.446446446446446821e+00,2.769448762476163228e+00,7.502111403811193568e-01
6.456456456456456827e+00,2.770326242101698533e+00,7.510123908402294157e-01
6.466466466466466834e+00,2.771135023219269744e+00,7.518289018568099502e-01
6.476476476476476840e+00,2.771875424639181684e+00,7.526599773809455884e-01
6.486486486486486847e+00,2.772547790659233069e+00,7.535049525430814743e-01
6.496496496496496853e+00,2.773152491064718284e+00,7.543631936540220462e-01
6.506506506506506859e+00,2.773689921128427827e+00,7.552340982049324802e-01
6.516516516516516866e+00,2.774160501610646978e+00,7.561170948673373582e-01
6.526526526526526872e+00,2.774564678759157133e+00,7.570116434931217775e-01
6.536536536536536879e+00,2.774902924309233576e+00,7.579172351145304631e-01
6.546546546546546885e+00,2.775175735483649042e+00,7.588333919441683229e-01
6.556556556556556892e+00,2.775383634992669712e+00,7.597596673750002250e-01
6.566566566566566898e+00,2.775527171034058771e+00,7.606956459803511095e-01
6.576576576576576905e+00,2.775606917293073739e+00,7.616409435139059880e-01
6.586586586586586911e+00,2.775623472942468251e+00,7.625952069097096109e-01
6.596596596596596918e+00,2.775577462642490278e+00,7.635581142821671330e-01
6.606606606606606924e+00,2.775469536540884796e+00,7.645293749260433369e-01
6.616616616616616930e+00,2.775300370272890671e+00,7.655087293164631879e-01
6.626626626626626937e+00,2.775070664961243327e+00,7.664959491089117227e-01
6.636636636636636943e+00,2.774781147216172528e+00,7.674908371392339390e-01
6.646646646646646950e+00,2.774432569135404592e+00,7.684932274236349059e-01
6.656656656656656956e+00,2.774025708304159732e+00,7.695029851586794312e-01
6.666666666666666963e+00,2.773561367795155164e+00,7.705200067212927273e-01
6.676676676676676969e+00,2.773040376168602883e+00,7.715442196687596343e-01
6.686686686686686976e+00,2.772463587472209667e+00,7.725755827387253971e-01
6.696696696696696982e+00,2.771831881241178408e+00,7.736140858491948880e-01
6.706706706706706989e+00,2.771146162498207222e+00,7.746597500985333840e-01
6.716716716716716995e+00,2.770407361753489894e+00,7.757126277654657898e-01
6.726726726726727001e+00,2.769616435004714994e+00,7.767728023090773037e-01
6.736736736736737008e+00,2.768774363737066757e+00,7.778403883688128628e-01
6.746746746746747014e+00,2.767882154923225091e+00,7.789155317644778087e-01
6.756756756756757021e+00,2.766940841023365572e+00,7.799984094962371106e-01
6.766766766766767027e+00,2.765951479985157668e+00,7.810892297446158095e-01
6.776776776776777034e+00,2.764915155243768297e+00,7.821882318704993509e-01
6.786786786786787040e+00,2.763832975721858265e+00,7.832956864151325860e-01
6.796796796796797047e+00,2.762706075829584051e+00,7.844118951001208817e-01
6.806806806806807053e+00,2.761535615464598692e+00,7.855371908274293435e-01
6.816816816816817060e+00,2.760321580279806675e+00,7.866711223162425881e-01
6.826826826826827066e+00,2.759059879955998440e+00,7.878099967613332311e-01
6.836836836836837072e+00,2.757750959807223623e+00,7.889525771707176505e-01
6.846846846846847079e+00,2.756395872056062402e+00,7.900980215925917927e-01
6.856856856856857085e+00,2.754995671375197741e+00,7.912455058308750511e-01
6.866866866866867092e+00,2.753551414887415394e+00,7.923942234452096001e-01
6.876876876876877098e+00,2.752064162165603456e+00,7.935433857509608391e-01
6.886886886886887105e+00,2.750534975232754142e+00,7.946922218192173926e-01
6.896896896896897111e+00,2.748964918561962012e+00,7.958399784767907770e-01
6.906906906906907118e+00,2.747355059076424411e+00,7.969859203062155117e-01
6.916916916916917124e+00,2.745706466149442360e+00,7.981293296457494524e-01
6.926926926926927131e+00,2.744020211604419224e+00,7.992695065893733464e-01
6.936936936936937137e+00,2.742297369714861599e+00,8.004057689867909442e-01
6.946946946946947143e+00,2.740539017204378869e+00,8.015374524434294434e-01
6.956956956956957150e+00,2.738746233246683648e+00,8.026639103204386005e-01
6.966966966966967156e+00,2.736920099465590894e+00,8.037845137346917301e-01
6.976976976976977163e+00,2.735061699935018797e+00,8.048986515587850388e-01
6.986986986986987169e+00,2.733172121178989666e+00,8.060057304210376250e-01
6.996996996996997176e+00,2.731252452171627265e+00,8.071051747054919234e-01
7.007007007007007182e+00,2.729303784337158589e+00,8.081964265519134827e-01
7.017017017017017189e+00,2.727327211549913866e+00,8.092789458557906324e-01
7.027027027027027195e+00,2.725323830134326997e+00,8.103522102683349271e-01
7.037037037037037202e+00,2.723294738864933340e+00,8.114157151964812575e-01
7.047047047047047208e+00,2.721241038966371928e+00,8.124689738028871844e-01
7.057057057057057214e+00,2.719163834113385469e+00,8.135115170059336043e-01
7.067067067067067221e+00,2.717064230430819016e+00,8.145428934797244169e-01
7.077077077077077227e+00,2.714943336493619963e+00,8.155626696540865250e-01
7.087087087087087234e+00,2.712802263326839380e+00,8.165704297145701673e-01
7.097097097097097240e+00,2.710642124405631570e+00,8.175657756024483636e-01
7.107107107107107247e+00,2.708464035655253621e+00,8.185483270147172474e-01
7.117117117117117253e+00,2.706269115451064522e+00,8.195177214040962888e-01
7.127127127127127260e+00,2.704058484618527380e+00,8.204736139790277383e-01
7.137137137137137266e+00,2.701833266433208536e+00,8.214156777036771828e-01
7.147147147147147273e+00,2.699594586620776226e+00,8.223436032979329902e-01
7.157157157157157279e+00,2.697343573357001922e+00,8.232570992374069752e-01
7.167167167167167285e+00,2.695081357267761213e+00,8.241558917534337336e-01
7.177177177177177292e+00,2.692809071429030698e+00,8.250397248330709754e-01
7.187187187187187298e+00,2.690527851366891987e+00,8.259083602190996354e-01
7.197197197197197305e+00,2.688238835057527698e+00,8.267615774100236514e-01
7.207207207207207311e+00,2.685943162927224570e+00,8.275991736600699644e-01
7.217217217217217318e+00,2.683641977852372573e+00,8.284209639791887403e-01
7.227227227227227324e+00,2.681336425159463577e+00,8.292267811330531480e-01
7.237237237237237331e+00,2.679027652625093570e+00,8.300164756430594704e-01
7.247247247247247337e+00,2.676716810475960440e+00,8.307899157863268824e-01
7.257257257257257343e+00,2.674405051388865751e+00,8.315469875956978951e-01
7.267267267267267350e+00,2.672093530490713853e+00,8.322875948597380225e-01
7.277277277277277356e+00,2.669783405358511885e+00,8.330116591227357814e-01
7.287287287287287363e+00,2.667475836019370217e+00,8.337191196847028030e-01
7.297297297297297369e+00,2.665171984950501560e+00,8.344099336013739432e-01
7.307307307307307376e+00,2.662873017079222748e+00,8.350840756842068391e-01
7.317317317317317382e+00,2.660580099782952956e+00,8.357415385003823527e-01
7.327327327327327389e+00,2.658294402889213259e+00,8.363823323728046821e-01
7.337337337337337395e+00,2.656017098675629740e+00,8.370064853801006954e-01
7.347347347347347402e+00,2.653749361869930379e+00,8.376140433566204857e-01
7.357357357357357408e+00,2.651492369649945502e+00,8.382050698924373711e-01
7.367367367367367414e+00,2.649247301643609109e+00,8.387796463333475616e-01
7.377377377377377421e+00,2.647015339928958877e+00,8.393378717808703815e-01
7.387387387387387427e+00,2.644797669034133492e+00,8.398798630922482689e-01
7.397397397397397434e+00,2.642595475937377092e+00,8.404057548804468869e-01
7.407407407407407440e+00,2.640409440852581113e+00,8.409157120550061482e-01
7.417417417417417447e+00,2.638233424846728958e+00,8.414097562329564406e-01
7.427427427427427453e+00,2.636067165628409814e+00,8.418870563563792819e-01
7.437437437437437460e+00,2.633913033596212649e+00,8.423466593925226231e-01
7.447447447447447466e+00,2.631773340435689335e+00,8.427876497424309221e-01
7.457457457457457473e+00,2.629650339119355085e+00,8.432091492409456990e-01
7.467467467467467479e+00,2.627546223906688905e+00,8.436103171567053138e-01
7.477477477477477485e+00,2.625463130344132257e+00,8.439903501921447448e-01
7.487487487487487492e+00,2.623403135265089947e+00,8.443484824834959213e-01
7.497497497497497498e+00,2.621368256789930573e+00,8.446839856007875014e-01
7.507507507507507505e+00,2.619360454325985632e+00,8.449961685478449835e-01
7.517517517517517511e+00,2.617381628567549523e+00,8.452843777622905952e-01
7.527527527527527518e+00,2.615433621495880878e+00,8.455479971155434038e-01
7.537537537537537524e+00,2.613518216379199899e+00,8.457864479128193169e-01
7.547547547547547531e+00,2.611637137772691464e+00,8.459991888931310822e-01
7.557557557557557537e+00,2.609792051518503797e+00,8.461857162292880652e-01
7.567567567567567544e+00,2.607984564745746692e+00,8.463455635278965827e-01
7.577577577577577550e+00,2.606216225870495062e+00,8.464783018293597916e-01
7.587587587587587556e+00,2.604488524595785837e+00,8.465835396078774666e-01
7.597597597597597563e+00,2.602802891911619732e+00,8.466609227714464447e-01
7.607607607607607569e+00,2.601160700094960809e+00,8.467101346618600699e-01
7.617617617617617576e+00,2.599563262709735589e+00,8.467308960547087482e-01
7.627627627627627582e+00,2.598011834606834825e+00,8.467229651593796147e-01
7.637637637637637589e+00,2.596507611924111725e+00,8.466861376190564226e-01
7.647647647647647595e+00,2.595051732086382845e+00,8.466202465107199870e-01
7.657657657657657602e+00,2.593645273805428975e+00,8.465251623451478524e-01
7.667667667667667608e+00,2.592289257079992471e+00,8.464007930669141810e-01
7.677677677677677615e+00,2.590984643195779924e+00,8.462470840543901973e-01
7.687687687687687621e+00,2.589732334725461715e+00,8.460640181197437437e-01
7.697697697697697627e+00,2.588533175528669794e+00,8.458516155089395028e-01
7.707707707707707634e+00,2.587387950752000787e+00,8.456099339017391081e-01
7.717717717717717640e+00,2.586297386829013778e+00,8.453390684117008114e-01
7.727727727727727647e+00,2.585262151480231640e+00,8.450391515861798153e-01
7.737737737737737653e+00,2.584282853713140149e+00,8.447103534063278296e-01
7.747747747747747660e+00,2.583360043822187979e+00,8.443528812870938483e-01
7.757757757757757666e+00,2.582494213388788040e+00,8.439669800772231500e-01
7.767767767767767673e+00,2.581685795281315698e+00,8.435529320592581870e-01
7.777777777777777679e+00,2.580935163655109665e+00,8.431110569495381402e-01
7.787787787787787686e+00,2.580242633952471554e+00,8.426417118981988086e-01
7.797797797797797692e+00,2.579608462902667210e+00,8.421452914891730535e-01
7.807807807807807698e+00,2.579032848521924493e+00,8.416222277401903540e-01
7.817817817817817705e+00,2.578515930113435495e+00,8.410729901027770294e-01
7.827827827827827711e+00,2.578057788267355210e+00,8.404980854622562392e-01
7.837837837837837718e+00,2.577658444860801534e+00,8.398980581377479826e-01
7.847847847847847724e+00,2.577317863057855707e+00,8.392734898821688772e-01
7.857857857857857731e+00,2.577035947309562758e+00,8.386249998822324914e-01
7.867867867867867737e+00,2.576812543353930174e+00,8.379532447584493449e-01
7.877877877877877744e+00,2.576647438215929675e+00,8.372589185651263533e-01
7.887887887887887750e+00,2.576540360207494551e+00,8.365427527903676053e-01
7.897897897897897757e+00,2.576490978927523212e+00,8.358055163560739187e-01
7.907907907907907763e+00,2.576498905261876082e+00,8.350480156179427293e-01
7.917917917917917769e+00,2.576563691383377375e+00,8.342710943654683131e-01
7.927927927927927776e+00,2.576684830751813760e+00,8.334756338219421190e-01
7.937937937937937782e+00,2.576861758113936585e+00,8.326625526444518810e-01
7.947947947947947789e+00,2.577093849503458767e+00,8.318328069238823952e-01
7.957957957957957795e+00,2.577380422241057900e+00,8.309873901849151867e-01
7.967967967967967802e+00,2.577720734934374036e+00,8.301273333860288428e-01
7.977977977977977808e+00,2.578113987478010127e+00,8.292537049194982357e-01
7.987987987987987815e+00,2.578559321053532916e+00,8.283676106113955218e-01
7.997997997997997821e+00,2.579055818129472932e+00,8.274701937215895864e-01
8.008008008008008716e+00,2.579602502461322722e+00,8.265626349437456000e-01
8.018018018018018722e+00,2.580198339091538617e+00,8.256461524053263501e-01
8.028028028028028729e+00,2.580842234349540298e+00,8.247220016675909093e-01
8.038038038038038735e+00,2.581533035851710345e+00,8.237914757255951903e-01
8.048048048048048742e+00,2.582269532501395126e+00,8.228559050081920567e-01
8.058058058058058748e+00,2.583050454488903913e+00,8.219166573780309903e-01
8.068068068068068754e+00,2.583874473291508878e+00,8.209751381315585350e-01
8.078078078078078761e+00,2.584740201673445981e+00,8.200327899990177416e-01
8.088088088088088767e+00,2.585646193685914529e+00,8.190910931444486121e-01
8.098098098098098774e+00,2.586590944667075842e+00,8.181515651656880994e-01
8.108108108108108780e+00,2.587568988990882168e+00,8.172176547184660800e-01
8.118118118118118787e+00,2.588567432467769436e+00,8.162958163643220244e-01
8.128128128128128793e+00,2.589586358559681667e+00,8.153855419416383699e-01
8.138138138138138800e+00,2.590626788758286558e+00,8.144858578041000996e-01
8.148148148148148806e+00,2.591689681317312921e+00,8.135958345617818610e-01
8.158158158158158813e+00,2.592775931252549793e+00,8.127145870811488537e-01
8.168168168168168819e+00,2.593886370341845993e+00,8.118412744850561635e-01
8.178178178178178825e+00,2.595021767125111012e+00,8.109751001527490955e-01
8.188188188188188832e+00,2.596182826904315455e+00,8.101153117198629516e-01
8.198198198198198838e+00,2.597370191743489265e+00,8.092612010784233645e-01
8.208208208208208845e+00,2.598584440468723500e+00,8.084121043768457415e-01
8.218218218218218851e+00,2.599826088668169444e+00,8.075674020199358205e-01
8.228228228228228858e+00,2.601095588692038163e+00,8.067265186688894474e-01
8.238238238238238864e+00,2.602393329652601839e+00,8.058889232412924652e-01
8.248248248248248871e+00,2.603719637424192879e+00,8.050541289111210475e-01
8.258258258258258877e+00,2.605074774643203472e+00,8.042216931087412535e-01
8.268268268268268884e+00,2.606458940708087813e+00,8.033912175209092510e-01
8.278278278278278890e+00,2.607872271779358098e+00,8.025623480907715379e-01
8.288288288288288896e+00,2.609314840779588973e+00,8.017347750178644983e-01
8.298298298298298903e+00,2.610786657393414867e+00,8.009082327581147354e-01
8.308308308308308909e+00,2.612287668067529545e+00,8.000825000238389606e-01
8.318318318318318916e+00,2.613817756010688775e+00,7.992573997837438826e-01
8.328328328328328922e+00,2.615376741193707666e+00,7.984327992629265403e-01
8.338338338338338929e+00,2.616964380349461994e+00,7.976086099428738585e-01
8.348348348348348935e+00,2.618580366972887763e+00,7.967847875614628705e-01
8.358358358358358942e+00,2.620224331320982092e+00,7.959613321129610508e-01
8.368368368368368948e+00,2.621895840412801437e+00,7.951382878480256489e-01
8.378378378378378954e+00,2.623594398029462926e+00,7.943157432737041335e-01
8.388388388388388961e+00,2.625319444714144801e+00,7.934938311534339705e-01
8.398398398398398967e+00,2.627070357772085085e+00,7.926727285070429563e-01
8.408408408408408974e+00,2.628846451270582030e+00,7.918526566107487730e-01
8.418418418418418980e+00,2.630646976038994556e+00,7.910338809971595442e-01
8.428428428428428987e+00,2.632471119668741810e+00,7.902167114552729466e-01
8.438438438438438993e+00,2.634318006513303612e+00,7.894015020304774310e-01
8.448448448448449000e+00,2.636186697688220004e+00,7.885886510245510017e-01
8.458458458458459006e+00,2.638076191071091259e+00,7.877786009956621038e-01
8.468468468468469013e+00,2.639985421301578317e+00,7.869718387583691799e-01
8.478478478478479019e+00,2.641913259781401901e+00,7.861688953836207805e-01
8.488488488488489025e+00,2.643858514674344296e+00,7.853703461987554535e-01
8.498498498498499032e+00,2.645819930906247119e+00,7.845768107875021879e-01
8.508508508508509038e+00,2.647796190165012220e+00,7.837889529899797481e-01
8.518518518518519045e+00,2.649785910900603447e+00,7.830074809026972282e-01
8.528528528528529051e+00,2.651787648325042657e+00,7.822331468785536090e-01
8.538538538538539058e+00,2.653799894412413707e+00,7.814667475268382013e-01
8.548548548548549064e+00,2.655821077898861127e+00,7.807091237132304240e-01
8.558558558558559071e+00,2.657849564282588339e+00,7.799611605597994712e-01
8.568568568568569077e+00,2.659883655823860771e+00,7.792237874450052004e-01
8.578578578578579084e+00,2.661921591545002297e+00,7.784979780036969110e-01
8.588588588588589090e+00,2.663961547230399685e+00,7.777847501271146768e-01
8.598598598598599096e+00,2.666001635426497707e+00,7.770851659628883468e-01
8.608608608608609103e+00,2.668039905441803139e+00,7.764003319150377669e-01
8.618618618618619109e+00,2.670074343346882095e+00,7.757313986439732245e-01
8.628628628628629116e+00,2.672102871974361804e+00,7.750795610664946711e-01
8.638638638638639122e+00,2.674123350918929720e+00,7.744460583557927214e-01
8.648648648648649129e+00,2.676133576537333081e+00,7.738321739414476541e-01
8.658658658658659135e+00,2.678131281948380238e+00,7.732392355094299674e-01
8.668668668668669142e+00,2.680114137032940214e+00,7.726686150021004895e-01
8.678678678678679148e+00,2.682079748433940924e+00,7.721217286182098238e-01
8.688688688688689155e+00,2.684025659556372290e+00,7.716000368128989040e-01
8.698698698698699161e+00,2.685949350567284011e+00,7.711050442976986607e-01
8.708708708708709167e+00,2.687848238395785572e+00,7.706383000405303552e-01
8.718718718718719174e+00,2.689719676733048015e+00,7.702013972657049123e-01
8.728728728728729180e+00,2.691560956032301277e+00,7.697959734539239207e-01
8.738738738738739187e+00,2.693369303508837298e+00,7.694237103422787438e-01
8.748748748748749193e+00,2.695141883140007799e+00,7.690863339242507424e-01
8.758758758758759200e+00,2.696875795665224285e+00,7.687856144497117183e-01
8.768768768768769206e+00,2.698568078585958929e+00,7.685233664249234709e-01
8.778778778778779213e+00,2.700215706165744578e+00,7.683014486125376852e-01
8.788788788788789219e+00,2.701815589430174747e+00,7.681217640315964879e-01
8.798798798798799226e+00,2.703364576166902733e+00,7.679862599575320026e-01
8.808808808808809232e+00,2.704859450925642061e+00,7.678969279221662392e-01
8.818818818818819238e+00,2.706296935018167371e+00,7.678558037137115377e-01
8.828828828828829245e+00,2.707673686518313527e+00,7.678649673767705686e-01
8.838838838838839251e+00,2.708986300261974733e+00,7.679265432123355550e-01
8.848848848848849258e+00,2.710235449776717154e+00,7.680390609213867403e-01
8.858858858858859264e+00,2.711451116088827273e+00,7.681751948436463806e-01
8.868868868868869271e+00,2.712639081997905599e+00,7.683287178623042779e-01
8.878878878878879277e+00,2.713798300930227114e+00,7.684994158254233598e-01
8.888888888888889284e+00,2.714927763209610490e+00,7.686870712420234009e-01
8.898898898898899290e+00,2.716026496057421191e+00,7.688914632820811335e-01
8.908908908908909297e+00,2.717093563592567484e+00,7.691123677765304700e-01
8.918918918918919303e+00,2.718128066831502654e+00,7.693495572172622810e-01
8.928928928928929309e+00,2.719129143688224559e+00,7.696028007571246166e-01
8.938938938938939316e+00,2.720095968974276524e+00,7.698718642099222631e-01
8.948948948948949322e+00,2.721027754398745557e+00,7.701565100504174088e-01
8.958958958958959329e+00,2.721923748568263690e+00,7.704564974143288669e-01
8.968968968968969335e+00,2.722783236987007083e+00,7.707715820983328525e-01
8.978978978978979342e+00,2.723605542056696915e+00,7.711015165600624277e-01
8.988988988988989348e+00,2.724390023076599388e+00,7.714460499181077235e-01
8.998998998998999355e+00,2.725136076243524830e+00,7.718049279520159400e-01
9.009009009009009361e+00,2.725843134651827704e+00,7.721778931022913461e-01
9.019019019019019368e+00,2.726510668293408379e+00,7.725646844703950578e-01
9.029029029029029374e+00,2.727138184057710468e+00,7.729650378187453708e-01
9.039039039039039380e+00,2.727725225731723047e+00,7.733786855707176500e-01
9.049049049049049387e+00,2.728271373999979765e+00,7.738053568106442182e-01
9.059059059059059393e+00,2.728776246444558851e+00,7.742447772838144671e-01
9.069069069069069400e+00,2.729239497545082660e+00,7.746966693964748574e-01
9.079079079079079406e+00,2.729660818678718570e+00,7.751607522158286967e-01
9.089089089089089413e+00,2.730039938120178977e+00,7.756367414700366947e-01
9.099099099099099419e+00,2.730376621041719964e+00,7.761243495482161858e-01
9.109109109109109426e+00,2.730670669513143078e+00,7.766232855004417956e-01
9.119119119119119432e+00,2.730921922501794441e+00,7.771332550377451076e-01
9.129129129129129439e+00,2.731130255872563417e+00,7.776539605321147741e-01
9.139139139139139445e+00,2.731295582387886167e+00,7.781851010164964055e-01
9.149149149149149451e+00,2.731417851707742095e+00,7.787263721847927922e-01
9.159159159159159458e+00,2.731497050389655179e+00,7.792774663918635714e-01
9.169169169169169464e+00,2.731533201888694862e+00,7.798380726535255603e-01
9.179179179179179471e+00,2.731526366557474272e+00,7.804078766465525341e-01
9.189189189189189477e+00,2.731476641646151560e+00,7.809865607086753370e-01
9.199199199199199484e+00,2.731384161302429892e+00,7.815738038385818820e-01
9.209209209209209490e+00,2.731249096571556567e+00,7.821692816959170402e-01
9.219219219219219497e+00,2.731071655396323461e+00,7.827726666012826406e-01
9.229229229229229503e+00,2.730852082617067023e+00,7.833836275362379142e-01
9.239239239239239510e+00,2.730590659971669165e+00,7.840018301432986059e-01
9.249249249249249516e+00,2.730287706095555045e+00,7.846269367259379734e-01
9.259259259259259522e+00,2.729943576521695725e+00,7.852586062485860108e-01
9.269269269269269529e+00,2.729558663680606401e+00,7.858964943366297806e-01
9.279279279279279535e+00,2.729133396900346398e+00,7.865402532764135257e-01
9.289289289289289542e+00,2.728668242406520061e+00,7.871895320152384468e-01
9.299299299299299548e+00,2.728163703322276756e+00,7.878439761613625913e-01
9.309309309309309555e+00,2.727620319668309978e+00,7.885032279840014091e-01
9.319319319319319561e+00,2.727038668362857798e+00,7.891669264133270856e-01
9.329329329329329568e+00,2.726419363221703307e+00,7.898347070404689862e-01
9.339339339339339574e+00,2.725763054958174170e+00,7.905062021175135456e-01
9.349349349349349581e+00,2.725070431183141739e+00,7.911810405575040450e-01
9.359359359359359587e+00,2.724342216405023276e+00,7.918588479344408348e-01
9.369369369369369593e+00,2.723579172029780171e+00,7.925392464832816675e-01
9.379379379379379600e+00,2.722782096360917947e+00,7.932218550999408091e-01
9.389389389389389606e+00,2.721951824599487590e+00,7.939062893412898170e-01
9.399399399399399613e+00,2.721089228844084218e+00,7.945921614251573173e-01
9.409409409409409619e+00,2.720195218090847078e+00,7.952790802303288942e-01
9.419419419419419626e+00,2.719270738233461771e+00,7.959666512965472007e-01
9.429429429429429632e+00,2.718316772063156250e+00,7.966544768245119590e-01
9.439439439439439639e+00,2.717334339268704824e+00,7.973421556758797379e-01
9.449449449449449645e+00,2.716324496436425484e+00,7.980292833732643976e-01
9.459459459459459651e+00,2.715288337050181244e+00,7.987154521002367558e-01
9.469469469469469658e+00,2.714226991491379248e+00,7.994002507013244774e-01
9.479479479479479664e+00,2.713141627038972548e+00,8.000832646820126293e-01
9.489489489489489671e+00,2.712033447869457436e+00,8.007640762087427921e-01
9.499499499499499677e+00,2.710903695056874785e+00,8.014422641089141708e-01
9.509509509509509684e+00,2.709753646572811370e+00,8.021174038708825949e-01
9.519519519519519690e+00,2.708584617286397656e+00,8.027890676439610740e-01
9.529529529529529697e+00,2.707397958964308682e+00,8.034568242384195758e-01
9.539539539539539703e+00,2.706195060270764507e+00,8.041202391254852477e-01
9.549549549549549710e+00,2.704977346767529323e+00,8.047788744373421954e-01
9.559559559559559716e+00,2.703746280913912781e+00,8.054322889671314822e-01
9.569569569569569722e+00,2.702503362066767778e+00,8.060800381689512406e-01
9.579579579579579729e+00,2.701250126480493563e+00,8.067216741578567829e-01
9.589589589589589735e+00,2.699988147307033071e+00,8.073567457098602684e-01
9.599599599599599742e+00,2.698719034595872923e+00,8.079847982619309255e-01
9.609609609609609748e+00,2.697444435294046539e+00,8.086053739119951622e-01
9.619619619619619755e+00,2.696166033246129690e+00,8.092180114189362339e-01
9.629629629629629761e+00,2.694885549194244501e+00,8.098222462025945756e-01
9.639639639639639768e+00,2.693604740778057227e+00,8.104176103437675804e-01
9.649649649649649774e+00,2.692325402534777812e+00,8.110036325842095994e-01
9.659659659659659781e+00,2.691049365899162105e+00,8.115798383266322746e-01
9.669669669669669787e+00,2.689778499203509643e+00,8.121457496347039839e-01
9.679679679679679793e+00,2.688513541472398849e+00,8.127011503872819675e-01
9.689689689689689800e+00,2.687243648597778201e+00,8.132484413662494083e-01
9.699699699699699806e+00,2.685966317984058271e+00,8.137880888641403354e-01
9.709709709709709813e+00,2.684682311106200814e+00,8.143198177218103906e-01
9.719719719719719819e+00,2.683392386224342285e+00,8.148433587734600358e-01
9.729729729729729826e+00,2.682097298383791628e+00,8.153584488466339986e-01
9.739739739739739832e+00,2.680797799415033378e+00,8.158648307622217155e-01
9.749749749749749839e+00,2.679494637933725887e+00,8.163622533344569998e-01
9.759759759759759845e+00,2.678188559340700881e+00,8.168504713709183740e-01
9.769769769769769852e+00,2.676880305821965678e+00,8.173292456725286259e-01
9.779779779779779858e+00,2.675570616348700526e+00,8.177983430335552528e-01
9.789789789789789864e+00,2.674260226677259933e+00,8.182575362416101283e-01
9.799799799799799871e+00,2.672949869349173557e+00,8.187066040776498355e-01
9.809809809809809877e+00,2.671640273691143541e+00,8.191453313159753336e-01
9.819819819819819884e+00,2.670332165815048064e+00,8.195735087242320693e-01
9.829829829829829890e+00,2.669026268617937792e+00,8.199909330634100879e-01
9.839839839839839897e+00,2.667723301782038980e+00,8.203974070878439218e-01
9.849849849849849903e+00,2.666423981774750374e+00,8.207927395452127017e-01
9.859859859859859910e+00,2.665129021848646751e+00,8.211767451765398240e-01
9.869869869869869916e+00,2.663839132041475377e+00,8.215492447161936163e-01
9.879879879879879923e+00,2.662555019176158666e+00,8.219100648918864493e-01
9.889889889889889929e+00,2.661277386860792848e+00,8.222590384246757367e-01
9.899899899899899935e+00,2.660006935488648416e+00,8.225960040289628239e-01
9.909909909909909942e+00,2.658744362238170122e+00,8.229208064124939881e-01
9.919919919919919948e+00,2.657490361072976093e+00,8.232332962763599937e-01
9.929929929929929955e+00,2.656245622741859602e+00,8.235333303149959816e-01
9.939939939939939961e+00,2.655010834778787743e+00,8.238207712161816909e-01
9.949949949949949968e+00,2.653786681502901423e+00,8.240954876610413482e-01
9.959959959959959974e+00,2.652573844018515814e+00,8.243573543240436674e-01
9.969969969969969981e+00,2.651373000215120790e+00,8.246062518730018498e-01
9.979979979979979987e+00,2.650184824767380043e+00,8.248420669690739171e-01
9.989989989989989994e+00,2.649009989135130638e+00,8.250646922667619343e-01
1.000000000000000000e+01,2.647849161563385234e+00,8.252740264139128978e-01
