t,u1,u2,f1,f2
0.0,0.9990293,0.9784465,0.45366758,-0.3138591
0.01001001,1.0359683,0.9484575,0.4554619,-0.309004
0.02002002,1.0729927,0.91928273,0.4573914,-0.3042934
0.03003003,1.1100538,0.8910313,0.45946234,-0.2997483
0.04004004,1.147107,0.86378336,0.46167633,-0.295385
0.05005005,1.1841094,0.8375944,0.46403214,-0.29121393
0.06006006,1.2210208,0.8124989,0.46652597,-0.28724098
0.07007007,1.2578033,0.7885141,0.4691514,-0.28346914
0.08008008,1.29442,0.76564187,0.4719003,-0.27989748
0.09009009,1.3308364,0.74387544,0.4747637,-0.27652368
0.1001001,1.3670186,0.7231992,0.4777316,-0.27334368
0.11011011,1.402934,0.70359236,0.4807933,-0.27035224
0.12012012,1.4385515,0.6850312,0.48393872,-0.26754397
0.13013013,1.4738418,0.6674895,0.48715746,-0.26491264
0.14014015,1.5087767,0.6509392,0.49043906,-0.26245186
0.15015015,1.5433308,0.6353529,0.49377456,-0.26015565
0.16016015,1.5774797,0.62070096,0.49715444,-0.25801772
0.17017017,1.6112019,0.6069547,0.5005705,-0.25603205
0.18018018,1.6444782,0.59408486,0.5040147,-0.25419235
0.1901902,1.6772908,0.58206195,0.5074792,-0.25249308
0.2002002,1.7096257,0.5708572,0.5109578,-0.2509286
0.2102102,1.7414708,0.5604401,0.51444376,-0.24949262
0.22022022,1.7728152,0.5507808,0.51793104,-0.24817964
0.23023023,1.8036511,0.5418488,0.5214142,-0.24698402
0.24024025,1.8339727,0.5336148,0.5248887,-0.24590048
0.25025025,1.863776,0.52604777,0.52834946,-0.24492277
0.26026025,1.8930577,0.519118,0.5317922,-0.24404626
0.27027026,1.9218172,0.51279557,0.5352131,-0.24326542
0.2802803,1.950055,0.50705135,0.53860843,-0.24257475
0.2902903,1.9777719,0.50185627,0.5419753,-0.24196962
0.3003003,2.004971,0.49718243,0.54531014,-0.24144515
0.3103103,2.031655,0.49300283,0.5486106,-0.24099672
0.3203203,2.0578272,0.48929006,0.5518737,-0.24061975
0.33033034,2.083493,0.48601884,0.5550978,-0.24030994
0.34034035,2.108656,0.48316503,0.5582802,-0.24006352
0.35035035,2.133322,0.4807049,0.5614197,-0.23987658
0.36036035,2.157497,0.47861543,0.5645146,-0.23974554
0.37037036,2.1811862,0.47687554,0.56756324,-0.23966698
0.3803804,2.2043958,0.47546518,0.5705645,-0.23963794
0.3903904,2.2271316,0.47436482,0.57351756,-0.2396555
0.4004004,2.2494,0.47355562,0.5764214,-0.23971671
0.4104104,2.271207,0.47302145,0.5792752,-0.23981945
0.4204204,2.2925594,0.47274524,0.58207864,-0.23996122
0.43043044,2.3134632,0.47271186,0.5848308,-0.2401394
0.44044045,2.333925,0.47290674,0.5875317,-0.2403526
0.45045045,2.3539507,0.4733162,0.5901811,-0.24059886
0.46046045,2.3735473,0.47392738,0.5927787,-0.24087623
0.47047046,2.3927205,0.47472808,0.5953247,-0.24118294
0.4804805,2.4114773,0.47570762,0.59781903,-0.24151833
0.4904905,2.4298236,0.47685415,0.6002617,-0.24188028
0.5005005,2.4477658,0.4781585,0.6026532,-0.2422678
0.5105105,2.4653096,0.47961083,0.60499316,-0.24267969
0.5205205,2.4824617,0.48120195,0.6072824,-0.24311501
0.5305305,2.4992282,0.4829235,0.60952115,-0.24357273
0.5405405,2.5156147,0.48476744,0.61170954,-0.2440517
0.5505506,2.5316277,0.48672593,0.6138481,-0.24455123
0.5605606,2.5472724,0.48879224,0.615937,-0.24507023
0.5705706,2.5625546,0.49095955,0.6179772,-0.24560863
0.5805806,2.5774806,0.49322122,0.61996865,-0.24616513
0.5905906,2.5920558,0.49557132,0.62191224,-0.24673933
0.6006006,2.6062849,0.49800396,0.6238081,-0.24733032
0.6106106,2.6201742,0.5005138,0.62565696,-0.24793799
0.6206206,2.6337285,0.50309545,0.62745917,-0.2485614
0.6306306,2.6469533,0.50574416,0.6292154,-0.24920025
0.6406406,2.6598532,0.50845516,0.6309258,-0.24985406
0.6506507,2.6724331,0.5112241,0.6325912,-0.25052243
0.6606607,2.6846983,0.51404685,0.63421196,-0.25120497
0.6706707,2.696653,0.51691926,0.63578844,-0.25190115
0.6806807,2.7083018,0.5198376,0.63732123,-0.2526104
0.6906907,2.719649,0.52279854,0.63881075,-0.25333288
0.7007007,2.7306993,0.52579796,0.64025795,-0.25406802
0.7107107,2.7414567,0.5288335,0.6416626,-0.2548157
0.7207207,2.7519248,0.53190166,0.6430253,-0.25557542
0.7307307,2.7621078,0.53499943,0.6443467,-0.25634736
0.7407407,2.77201,0.5381245,0.6456271,-0.25713068
0.7507508,2.781634,0.5412739,0.64686704,-0.25792557
0.7607608,2.7909846,0.54444546,0.6480667,-0.25873184
0.7707708,2.8000646,0.54763716,0.6492268,-0.25954938
0.7807808,2.8088768,0.55084604,0.6503474,-0.2603777
0.7907908,2.8174253,0.55407083,0.651429,-0.26121703
0.8008008,2.8257127,0.557309,0.65247214,-0.26206687
0.8108108,2.8337424,0.5605592,0.6534772,-0.26292738
0.8208208,2.8415174,0.5638203,0.65444434,-0.2637987
0.8308308,2.84904,0.5670896,0.65537393,-0.2646799
0.8408408,2.8563135,0.5703666,0.65626633,-0.26557186
0.8508509,2.8633404,0.5736492,0.6571219,-0.2664739
0.8608609,2.8701227,0.57693714,0.6579406,-0.2673862
0.8708709,2.876664,0.5802287,0.65872335,-0.26830885
0.8808809,2.882966,0.58352244,0.6594702,-0.26924157
0.8908909,2.889032,0.5868181,0.66018206,-0.2701844
0.9009009,2.8948638,0.5901151,0.66085815,-0.27113742
0.9109109,2.9004636,0.5934116,0.6614994,-0.27210057
0.9209209,2.9058332,0.59670776,0.66210604,-0.27307367
0.9309309,2.9109764,0.60000247,0.66267836,-0.27405694
0.9409409,2.9158938,0.6032955,0.66321665,-0.2750505
0.950951,2.920588,0.60658604,0.66372097,-0.27605394
0.960961,2.9250622,0.6098738,0.66419214,-0.27706763
0.970971,2.9293168,0.6131586,0.6646296,-0.27809155
0.980981,2.9333553,0.61644006,0.66503453,-0.2791256
0.990991,2.9371789,0.6197175,0.6654069,-0.28016955
1.001001,2.9407904,0.62299085,0.6657464,-0.28122395
1.011011,2.9441912,0.62626034,0.66605407,-0.2822885
1.021021,2.947384,0.62952524,0.6663302,-0.28336328
1.031031,2.9503703,0.63278604,0.6665744,-0.28444827
1.041041,2.9531524,0.6360421,0.66678756,-0.28554356
1.051051,2.955733,0.63929343,0.66696966,-0.28664887
1.061061,2.9581127,0.64254034,0.667121,-0.28776452
1.071071,2.960295,0.6457827,0.667242,-0.28889033
1.081081,2.962281,0.64902043,0.66733265,-0.29002637
1.091091,2.9640732,0.6522532,0.66739345,-0.29117322
1.1011012,2.9656746,0.655482,0.66742474,-0.29232985
1.1111112,2.9670854,0.6587057,0.66742617,-0.2934966
1.1211212,2.9683099,0.66192555,0.66739905,-0.2946735
1.1311312,2.9693484,0.66514057,0.6673429,-0.29586095
1.1411412,2.9702039,0.66835135,0.6672579,-0.29705837
1.1511512,2.9708784,0.67155766,0.66714483,-0.29826558
1.1611612,2.9713743,0.6747603,0.6670034,-0.29948294
1.1711712,2.9716933,0.677958,0.66683435,-0.3007102
1.1811812,2.971838,0.6811521,0.6666379,-0.3019474
1.1911912,2.9718108,0.6843424,0.6664141,-0.30319488
1.2012012,2.9716134,0.687528,0.6661631,-0.30445156
1.2112112,2.9712484,0.69071,0.6658852,-0.3057183
1.2212212,2.970718,0.6938878,0.6655812,-0.30699426
1.2312312,2.9700243,0.6970614,0.6652505,-0.3082798
1.2412412,2.9691696,0.7002313,0.66489387,-0.30957496
1.2512512,2.968156,0.7033969,0.6645115,-0.310879
1.2612612,2.9669857,0.70655835,0.6641033,-0.31219256
1.2712712,2.9656618,0.7097157,0.66366994,-0.31351483
1.2812812,2.9641852,0.7128687,0.6632117,-0.31484646
1.2912912,2.962559,0.716017,0.66272837,-0.31618658
1.3013014,2.9607854,0.7191613,0.6622204,-0.31753528
1.3113114,2.958866,0.72230047,0.66168797,-0.31889266
1.3213214,2.9568038,0.7254349,0.6611315,-0.32025793
1.3313314,2.9546,0.7285645,0.6605506,-0.32163206
1.3413414,2.9522583,0.73168886,0.6599463,-0.32301366
1.3513514,2.9497795,0.73480797,0.6593182,-0.3244033
1.3613614,2.9471653,0.7379213,0.6586664,-0.32580054
1.3713714,2.9444196,0.7410289,0.65799177,-0.32720527
1.3813814,2.941543,0.7441306,0.657294,-0.32861757
1.3913914,2.9385388,0.74722576,0.6565734,-0.33003712
1.4014014,2.9354074,0.7503149,0.65582997,-0.33146328
1.4114114,2.9321525,0.753397,0.6550644,-0.33289653
1.4214214,2.9287746,0.7564721,0.6542759,-0.33433616
1.4314314,2.9252765,0.7595401,0.65346575,-0.3357826
1.4414414,2.9216597,0.7626008,0.65263337,-0.3372352
1.4514514,2.9179263,0.7656536,0.6517789,-0.33869398
1.4614614,2.9140782,0.76869833,0.650903,-0.34015864
1.4714714,2.9101164,0.7717351,0.65000516,-0.34162897
1.4814814,2.9060435,0.7747634,0.6490863,-0.34310508
1.4914914,2.9018612,0.777783,0.64814544,-0.34458643
1.5015016,2.8975704,0.780794,0.6471838,-0.3460731
1.5115116,2.893173,0.78379625,0.6462011,-0.3475651
1.5215216,2.8886702,0.7867892,0.64519715,-0.3490619
1.5315316,2.884064,0.78977317,0.64417243,-0.3505638
1.5415416,2.8793557,0.792748,0.64312696,-0.35207012
1.5515516,2.8745468,0.7957131,0.64206064,-0.35358113
1.5615616,2.8696384,0.7986692,0.64097416,-0.3550964
1.5715716,2.8646314,0.80161583,0.6398671,-0.35661596
1.5815816,2.8595276,0.8045532,0.6387394,-0.3581399
1.5915916,2.854328,0.8074811,0.63759124,-0.3596678
1.6016016,2.8490336,0.81040025,0.6364231,-0.36119944
1.6116116,2.843645,0.8133102,0.63523495,-0.3627355
1.6216216,2.8381643,0.8162116,0.6340267,-0.36427534
1.6316316,2.832591,0.81910443,0.6327985,-0.36581892
1.6416416,2.8269274,0.8219888,0.63155043,-0.3673659
1.6516516,2.821174,0.82486534,0.6302823,-0.3689165
1.6616616,2.8153305,0.8277343,0.6289946,-0.37047076
1.6716716,2.809399,0.83059573,0.6276874,-0.37202877
1.6816816,2.803379,0.8334507,0.6263604,-0.3735901
1.6916916,2.7972722,0.83629936,0.6250139,-0.3751549
1.7017018,2.7910783,0.839142,0.6236478,-0.37672323
1.7117118,2.7847986,0.84197927,0.6222627,-0.3782949
1.7217218,2.7784328,0.844812,0.6208583,-0.37987
1.7317318,2.7719824,0.8476406,0.61943436,-0.3814484
1.7417418,2.7654474,0.85046566,0.6179916,-0.38303047
1.7517518,2.7588277,0.8532875,0.6165296,-0.38461584
1.7617618,2.7521245,0.85610765,0.61504865,-0.38620463
1.7717718,2.7453377,0.8589258,0.6135486,-0.38779688
1.7817818,2.7384675,0.8617432,0.6120297,-0.38939255
1.7917918,2.731515,0.86456037,0.6104922,-0.39099172
1.8018018,2.7244802,0.86737794,0.608936,-0.39259422
1.8118118,2.717363,0.8701964,0.6073608,-0.3942002
1.8218218,2.7101643,0.8730168,0.60576713,-0.39580977
1.8318318,2.7028837,0.87583935,0.6041551,-0.39742273
1.8418418,2.695523,0.8786651,0.6025248,-0.39903894
1.8518518,2.6880813,0.88149405,0.6008758,-0.40065873
1.8618618,2.6805596,0.884327,0.59920835,-0.40228206
1.8718718,2.6729586,0.88716424,0.59752303,-0.4039083
1.8818818,2.6652784,0.8900063,0.5958195,-0.4055381
1.8918918,2.657519,0.8928534,0.5940977,-0.40717095
1.901902,2.649683,0.8957056,0.59235823,-0.40880692
1.911912,2.6417692,0.8985634,0.5906004,-0.41044572
1.921922,2.6337793,0.90142643,0.5888247,-0.41208744
1.931932,2.6257138,0.90429485,0.5870314,-0.4137319
1.941942,2.6175747,0.90716857,0.58522034,-0.41537887
1.951952,2.6093614,0.91004705,0.5833916,-0.4170282
1.961962,2.6010764,0.91292995,0.581545,-0.41867948
1.971972,2.592721,0.91581714,0.57968134,-0.42033252
1.981982,2.5842962,0.9187073,0.5778,-0.42198718
1.991992,2.5758038,0.9216002,0.57590127,-0.4236433
2.002002,2.567245,0.9244944,0.5739851,-0.42530012
2.012012,2.5586226,0.9273887,0.57205176,-0.4269576
2.022022,2.5499377,0.93028235,0.5701009,-0.42861468
2.032032,2.5411935,0.93317354,0.5681335,-0.4302718
2.042042,2.5323925,0.9360611,0.56614906,-0.43192828
2.052052,2.5235364,0.9389428,0.5641477,-0.43358344
2.062062,2.5146284,0.9418167,0.56212914,-0.43523672
2.072072,2.505672,0.94468117,0.56009424,-0.43688762
2.082082,2.4966688,0.9475336,0.55804265,-0.4385357
2.092092,2.487625,0.95037186,0.5559753,-0.4401798
2.102102,2.4785416,0.9531934,0.5538908,-0.44181985
2.112112,2.4694238,0.9559952,0.5517907,-0.44345495
2.122122,2.4602754,0.9587749,0.5496747,-0.44508418
2.132132,2.4511008,0.96152943,0.5475426,-0.44670713
2.142142,2.4419045,0.9642556,0.54539555,-0.44832295
2.152152,2.4326913,0.96694994,0.54323316,-0.4499308
2.162162,2.423466,0.96960974,0.5410556,-0.45152977
2.172172,2.4142337,0.97223115,0.5388633,-0.45311886
2.182182,2.405001,0.9748106,0.5366566,-0.45469767
2.192192,2.3957722,0.9773451,0.53443617,-0.4562654
2.2022023,2.3865538,0.9798301,0.53220177,-0.45782006
2.2122123,2.3773525,0.982262,0.52995443,-0.45936218
2.2222223,2.368174,0.98463744,0.5276943,-0.4608899
2.2322323,2.3590252,0.98695254,0.525422,-0.4624024
2.2422423,2.3499131,0.9892032,0.5231376,-0.46389908
2.2522523,2.3408442,0.9913859,0.52084255,-0.465379
2.2622623,2.331826,0.9934958,0.5185367,-0.46684074
2.2722723,2.322866,0.9955299,0.5162207,-0.46828377
2.2822824,2.3139718,0.9974842,0.5138958,-0.46970725
2.2922924,2.305151,0.9993544,0.5115622,-0.47110993
2.3023024,2.2964118,1.0011371,0.50922143,-0.4724909
2.3123124,2.2877622,1.0028287,0.5068736,-0.47384945
2.3223224,2.2792106,1.0044246,0.50451976,-0.47518462
2.3323324,2.2707646,1.0059218,0.5021607,-0.4764955
2.3423424,2.2624335,1.0073168,0.49979812,-0.47778085
2.3523524,2.2542255,1.0086058,0.4974322,-0.47904062
2.3623624,2.246149,1.0097854,0.49506456,-0.48027337
2.3723724,2.2382133,1.0108527,0.492696,-0.48147863
2.3823824,2.2304268,1.0118037,0.4903278,-0.4826553
2.3923924,2.222798,1.0126361,0.48796123,-0.4838029
2.4024024,2.2153366,1.0133463,0.48559734,-0.48492056
2.4124124,2.2080505,1.0139322,0.48323753,-0.4860075
2.4224224,2.200949,1.01439,0.4808827,-0.4870629
2.4324324,2.1940403,1.0147179,0.47853446,-0.48808646
2.4424424,2.187333,1.0149131,0.4761945,-0.48907745
2.4524524,2.180837,1.0149735,0.47386402,-0.4900355
2.4624624,2.17456,1.0148965,0.47154427,-0.49095947
2.4724724,2.1685104,1.0146807,0.46923643,-0.49184927
2.4824824,2.1626966,1.0143236,0.46694273,-0.49270424
2.4924924,2.1571267,1.0138234,0.4646638,-0.49352401
2.5025024,2.1518083,1.0131791,0.46240142,-0.49430788
2.5125124,2.14675,1.0123887,0.46015695,-0.4950561
2.5225224,2.1419587,1.0114514,0.45793197,-0.4957676
2.5325325,2.137442,1.0103656,0.4557281,-0.4964425
2.5425425,2.133207,1.0091308,0.4535461,-0.49708018
2.5525525,2.1292613,1.0077456,0.45138842,-0.4976806
2.5625625,2.1256104,1.0062101,0.4492557,-0.4982434
2.5725725,2.1222608,1.0045235,0.44714978,-0.49876884
2.5825825,2.119219,1.0026855,0.4450714,-0.4992559
2.5925925,2.1164896,1.0006958,0.4430223,-0.49970502
2.6026027,2.1140792,0.9985552,0.44100422,-0.5001163
2.6126127,2.1119921,0.99626356,0.4390179,-0.50048935
2.6226227,2.1102328,0.9938213,0.4370647,-0.50082415
2.6326327,2.1088052,0.99122906,0.43514556,-0.5011211
2.6426427,2.1077135,0.98848784,0.43326187,-0.5013796
2.6526527,2.1069603,0.98559874,0.43141472,-0.5016003
2.6626627,2.1065495,0.982563,0.42960548,-0.5017833
2.6726727,2.1064825,0.9793822,0.42783457,-0.5019286
2.6826828,2.1067612,0.9760578,0.42610332,-0.5020367
2.6926928,2.1073875,0.9725922,0.42441243,-0.5021075
2.7027028,2.1083622,0.96898687,0.42276263,-0.5021415
2.7127128,2.1096857,0.965245,0.42115524,-0.5021392
2.7227228,2.1113575,0.96136856,0.4195903,-0.5021004
2.7327328,2.1133769,0.9573605,0.41806832,-0.5020263
2.7427428,2.1157434,0.9532244,0.4165904,-0.5019171
2.7527528,2.1184545,0.9489632,0.41515708,-0.50177294
2.7627628,2.1215086,0.94458026,0.41376802,-0.5015952
2.7727728,2.1249022,0.94008,0.41242415,-0.5013839
2.7827828,2.1286318,0.93546605,0.4111255,-0.5011398
2.7927928,2.1326947,0.93074274,0.4098727,-0.50086397
2.8028028,2.137085,0.925915,0.4086652,-0.5005566
2.8128128,2.1417983,0.9209871,0.40750396,-0.5002192
2.8228228,2.146829,0.9159646,0.4063879,-0.49985224
2.8328328,2.1521707,0.91085196,0.40531754,-0.49945652
2.8428428,2.157817,0.9056556,0.40429282,-0.49903357
2.8528528,2.1637607,0.9003804,0.4033134,-0.4985838
2.8628628,2.169994,0.895033,0.40237838,-0.4981086
2.8728728,2.1765096,0.88961864,0.4014883,-0.49760905
2.8828828,2.1832983,0.8841444,0.4006426,-0.4970864
2.8928928,2.1903512,0.87861615,0.39984027,-0.49654165
2.9029028,2.1976588,0.87304103,0.39908123,-0.4959765
2.9129128,2.2052116,0.8674255,0.39836478,-0.4953923
2.9229228,2.2129989,0.8617762,0.3976897,-0.49478948
2.9329329,2.221011,0.8561006,0.39705646,-0.49417
2.9429429,2.2292368,0.8504056,0.3964636,-0.49353537
2.9529529,2.2376654,0.84469825,0.39591032,-0.4928869
2.9629629,2.2462854,0.8389858,0.3953955,-0.49222606
2.9729729,2.255085,0.8332758,0.3949189,-0.49155468
2.9829829,2.2640538,0.82757515,0.39447924,-0.49087387
2.9929929,2.273179,0.8218916,0.39407575,-0.4901852
3.0030031,2.2824495,0.81623155,0.3937073,-0.4894901
3.0130131,2.2918525,0.8106032,0.39337292,-0.48879057
3.0230231,2.3013773,0.8050129,0.39307168,-0.48808765
3.0330331,2.311011,0.7994685,0.39280248,-0.4873831
3.0430431,2.3207426,0.79397595,0.39256397,-0.4866784
3.0530531,2.33056,0.7885425,0.39235538,-0.4859752
3.0630631,2.3404517,0.783175,0.3921757,-0.4852748
3.0730731,2.3504062,0.77787966,0.3920239,-0.4845789
3.0830832,2.3604124,0.77266276,0.39189848,-0.48388863
3.0930932,2.3704596,0.7675303,0.39179868,-0.4832058
3.1031032,2.3805368,0.76248825,0.39172333,-0.48253155
3.1131132,2.3906329,0.75754195,0.39167112,-0.48186743
3.1231232,2.4007378,0.7526972,0.3916412,-0.48121434
3.1331332,2.4108427,0.74795854,0.39163256,-0.48057413
3.1431432,2.4209368,0.74333125,0.39164382,-0.4799478
3.1531532,2.4310114,0.73881984,0.39167434,-0.47933632
3.1631632,2.4410574,0.7344281,0.39172286,-0.4787408
3.1731732,2.4510663,0.7301603,0.3917883,-0.47816277
3.1831832,2.4610298,0.7260199,0.39186934,-0.4776023
3.1931932,2.4709406,0.72201025,0.39196587,-0.47706166
3.2032032,2.4807909,0.71813434,0.39207628,-0.47654048
3.2132132,2.4905736,0.7143951,0.39219934,-0.47604033
3.2232232,2.5002825,0.71079475,0.39233488,-0.47556165
3.2332332,2.5099108,0.70733494,0.39248163,-0.47510496
3.2432432,2.5194528,0.7040182,0.39263812,-0.4746715
3.2532532,2.5289032,0.70084536,0.39280438,-0.47426152
3.2632632,2.538257,0.6978176,0.39297906,-0.47387546
3.2732732,2.5475087,0.6949359,0.39316106,-0.47351393
3.2832832,2.5566547,0.6922015,0.39335012,-0.47317702
3.2932932,2.5656898,0.68961376,0.39354494,-0.47286558
3.3033032,2.5746114,0.68717265,0.39374468,-0.4725793
3.3133132,2.5834157,0.6848786,0.3939491,-0.47231916
3.3233232,2.5920994,0.6827309,0.39415675,-0.47208437
3.3333333,2.6006594,0.68072885,0.39436704,-0.4718756
3.3433433,2.6090932,0.67887086,0.39457965,-0.47169286
3.3533533,2.6173985,0.6771568,0.39479336,-0.47153646
3.3633633,2.6255739,0.6755845,0.39500785,-0.47140586
3.3733733,2.6336157,0.67415255,0.39522162,-0.47130138
3.3833833,2.6415238,0.67285943,0.3954346,-0.47122297
3.3933933,2.6492963,0.6717032,0.39564604,-0.47116977
3.4034035,2.6569316,0.6706812,0.39585507,-0.4711427
3.4134135,2.664429,0.6697917,0.396061,-0.47114074
3.4234235,2.671787,0.6690323,0.3962637,-0.4711643
3.4334335,2.6790047,0.66840017,0.39646155,-0.47121263
3.4434435,2.6860821,0.6678929,0.39665425,-0.47128558
3.4534535,2.693018,0.66750735,0.39684123,-0.4713828
3.4634635,2.6998122,0.667241,0.39702177,-0.47150388
3.4734735,2.706464,0.6670911,0.39719525,-0.47164875
3.4834836,2.712973,0.66705436,0.39736107,-0.4718169
3.4934936,2.7193396,0.66712767,0.39751846,-0.4720083
3.5035036,2.7255628,0.6673083,0.39766693,-0.47222215
3.5135136,2.7316432,0.66759294,0.39780557,-0.47245765
3.5235236,2.7375805,0.6679775,0.39793408,-0.4727155
3.5335336,2.7433743,0.6684599,0.39805177,-0.47299474
3.5435436,2.7490249,0.6690364,0.3981576,-0.47329488
3.5535536,2.7545326,0.66970354,0.3982516,-0.47361535
3.5635636,2.7598975,0.6704585,0.3983325,-0.4739561
3.5735736,2.7651193,0.67129755,0.3984003,-0.47431636
3.5835836,2.7701983,0.67221797,0.39845422,-0.4746963
3.5935936,2.7751346,0.6732158,0.39849332,-0.47509474
3.6036036,2.779929,0.6742883,0.3985176,-0.4755119
3.6136136,2.7845805,0.67543215,0.39852598,-0.47594702
3.6236236,2.7890909,0.67664427,0.39851838,-0.47639966
3.6336336,2.793459,0.6779215,0.39849404,-0.47686994
3.6436436,2.7976854,0.67926025,0.3984519,-0.47735646
3.6536536,2.8017707,0.6806581,0.39839268,-0.47785974
3.6636636,2.8057148,0.6821118,0.39831483,-0.47837922
3.6736736,2.809518,0.6836184,0.3982178,-0.47891408
3.6836836,2.8131812,0.68517464,0.39810157,-0.4794643
3.6936936,2.8167036,0.6867786,0.39796597,-0.48002964
3.7037036,2.8200862,0.6884265,0.39780974,-0.48060933
3.7137136,2.823329,0.69011605,0.3976329,-0.48120344
3.7237236,2.8264327,0.691845,0.39743522,-0.4818111
3.7337337,2.8293974,0.69361025,0.3972156,-0.48243296
3.7437437,2.8322232,0.69540906,0.39697403,-0.4830677
3.7537537,2.834911,0.69723916,0.39671057,-0.48371494
3.7637637,2.8374608,0.6990984,0.39642406,-0.484375
3.7737737,2.8398733,0.7009844,0.3961146,-0.48504746
3.7837837,2.842148,0.702895,0.39578164,-0.48573184
3.7937937,2.844287,0.7048278,0.39542526,-0.48642766
3.803804,2.8462896,0.7067809,0.39504504,-0.48713514
3.813814,2.8481567,0.70875233,0.39464036,-0.48785374
3.823824,2.8498888,0.7107396,0.39421135,-0.4885831
3.833834,2.851486,0.71274155,0.39375728,-0.4893228
3.843844,2.8529491,0.7147557,0.39327857,-0.49007297
3.853854,2.8542795,0.71678096,0.3927747,-0.49083346
3.863864,2.8554766,0.71881515,0.39224547,-0.49160355
3.873874,2.8565423,0.72085696,0.39169085,-0.49238303
3.883884,2.8574765,0.72290474,0.39111048,-0.49317217
3.893894,2.8582804,0.7249569,0.39050454,-0.49397022
3.903904,2.8589547,0.72701216,0.38987255,-0.4947769
3.913914,2.8595002,0.72906953,0.38921487,-0.49559268
3.923924,2.8599179,0.7311271,0.38853103,-0.49641642
3.933934,2.8602083,0.73318374,0.38782117,-0.4972486
3.943944,2.8603728,0.7352389,0.38708553,-0.49808872
3.953954,2.8604124,0.73729074,0.38632354,-0.49893647
3.963964,2.860328,0.73933864,0.38553566,-0.49979192
3.973974,2.8601205,0.7413814,0.38472167,-0.50065494
3.983984,2.859792,0.74341816,0.3838819,-0.50152475
3.993994,2.859342,0.74544835,0.38301605,-0.50240153
4.004004,2.8587735,0.7474705,0.38212433,-0.50328535
4.0140142,2.8580873,0.74948406,0.3812071,-0.50417566
4.024024,2.857284,0.7514882,0.38026416,-0.505072
4.0340343,2.8563654,0.75348264,0.37929547,-0.50597465
4.044044,2.8553336,0.7554661,0.37830213,-0.50688344
4.0540543,2.8541892,0.7574386,0.3772831,-0.5077974
4.064064,2.8529341,0.7593988,0.37623924,-0.5087174
4.0740743,2.8515694,0.7613469,0.37517074,-0.50964296
4.084084,2.850098,0.7632813,0.37407786,-0.510573
4.0940943,2.8485196,0.76520276,0.37296036,-0.5115085
4.104104,2.8468382,0.7671102,0.3718189,-0.51244867
4.1141143,2.8450534,0.76900315,0.37065363,-0.5133934
4.124124,2.8431687,0.7708815,0.36946487,-0.51434225
4.1341343,2.8411853,0.77274436,0.36825317,-0.5152955
4.144144,2.839105,0.7745919,0.36701846,-0.516253
4.1541543,2.8369296,0.7764235,0.36576116,-0.51721406
4.164164,2.834662,0.77823865,0.3644814,-0.5181785
4.1741743,2.8323035,0.7800375,0.36318016,-0.5191461
4.184184,2.8298562,0.78181934,0.36185718,-0.52011716
4.1941943,2.8273222,0.7835848,0.36051315,-0.52109164
4.204204,2.824705,0.785332,0.35914814,-0.5220681
4.2142143,2.822004,0.7870623,0.35776272,-0.52304745
4.224224,2.8192246,0.7887747,0.3563576,-0.524029
4.2342343,2.8163667,0.7904693,0.35493273,-0.52501285
4.244244,2.813434,0.79214567,0.35348877,-0.5259984
4.2542543,2.8104284,0.7938037,0.35202608,-0.52698576
4.264264,2.8073528,0.7954429,0.35054514,-0.52797484
4.2742743,2.804209,0.7970638,0.34904647,-0.52896506
4.284284,2.8009994,0.79866546,0.3475304,-0.52995634
4.2942944,2.7977273,0.8002485,0.34599736,-0.53094834
4.304304,2.7943947,0.80181235,0.34444833,-0.5319411
4.3143144,2.7910042,0.80335695,0.34288323,-0.5329344
4.324324,2.7875586,0.80488163,0.3413028,-0.53392804
4.3343344,2.78406,0.8063871,0.33970702,-0.5349212
4.344344,2.7805119,0.8078725,0.33809745,-0.5359144
4.3543544,2.776916,0.8093384,0.33647358,-0.53690726
4.364364,2.7732759,0.81078404,0.33483678,-0.53789955
4.3743744,2.7695937,0.8122096,0.33318698,-0.53889066
4.384384,2.7658722,0.81361514,0.33152485,-0.539881
4.3943944,2.7621148,0.81499994,0.329851,-0.5408701
4.4044046,2.7583225,0.8163645,0.32816577,-0.54185766
4.4144144,2.7545002,0.81770796,0.32647002,-0.5428435
4.4244246,2.7506497,0.81903094,0.32476413,-0.5438279
4.4344344,2.746773,0.8203331,0.3230484,-0.54480934
4.4444447,2.7428744,0.82161385,0.32132387,-0.5457894
4.4544544,2.7389553,0.8228739,0.31959075,-0.5467665
4.4644647,2.7350192,0.8241122,0.31784946,-0.5477409
4.4744744,2.7310693,0.82532907,0.31610104,-0.5487126
4.4844847,2.7271063,0.82652456,0.3143454,-0.5496812
4.4944944,2.7231355,0.82769823,0.3125834,-0.5506464
4.5045047,2.7191586,0.8288499,0.31081575,-0.5516085
4.5145144,2.7151778,0.82997984,0.30904293,-0.5525667
4.5245247,2.7111964,0.83108747,0.30726504,-0.5535213
4.5345345,2.707217,0.83217275,0.30548325,-0.5544718
4.5445447,2.7032418,0.83323586,0.30369753,-0.555418
4.5545545,2.6992745,0.8342763,0.3019088,-0.5563601
4.5645647,2.6953163,0.835294,0.30011725,-0.5572972
4.5745745,2.6913712,0.8362888,0.2983234,-0.55823004
4.5845847,2.6874404,0.83726096,0.29652852,-0.55915815
4.5945945,2.683528,0.8382096,0.29473197,-0.56008136
4.6046047,2.6796348,0.8391354,0.29293478,-0.56099904
4.6146145,2.6757646,0.8400377,0.29113787,-0.5619117
4.6246247,2.671919,0.8409164,0.2893411,-0.5628192
4.6346345,2.6681008,0.8417715,0.2875451,-0.5637207
4.6446447,2.6643124,0.8426029,0.2857505,-0.5646166
4.6546545,2.6605563,0.84341043,0.28395778,-0.5655071
4.6646647,2.656834,0.84419394,0.28216684,-0.566391
4.6746745,2.653148,0.8449534,0.28037876,-0.56726956
4.6846848,2.6495004,0.8456886,0.27859372,-0.5681418
4.6946945,2.645894,0.8463994,0.276812,-0.5690075
4.7047048,2.6423302,0.8470858,0.27503425,-0.5698668
4.7147145,2.6388109,0.84774745,0.27326113,-0.57072
4.724725,2.6353388,0.8483847,0.27149227,-0.5715665
4.7347345,2.6319149,0.8489971,0.26972875,-0.57240665
4.744745,2.6285417,0.84958476,0.26797038,-0.5732398
4.7547545,2.6252205,0.850147,0.2662182,-0.5740658
4.764765,2.6219535,0.85068476,0.2644719,-0.5748853
4.7747746,2.6187425,0.8511971,0.26273233,-0.5756978
4.784785,2.6155882,0.85168475,0.2609995,-0.5765036
4.7947946,2.6124933,0.8521473,0.25927392,-0.577302
4.804805,2.609458,0.85258394,0.25755537,-0.5780935
4.814815,2.6064847,0.85299546,0.2558447,-0.5788777
4.824825,2.6035748,0.8533819,0.2541421,-0.57965463
4.834835,2.6007288,0.8537432,0.25244802,-0.5804243
4.844845,2.5979483,0.8540789,0.2507621,-0.58118737
4.854855,2.595235,0.8543895,0.24908514,-0.5819427
4.864865,2.5925894,0.85467446,0.247417,-0.58269083
4.874875,2.5900123,0.85493404,0.2457581,-0.5834315
4.884885,2.587505,0.8551687,0.24410895,-0.5841652
4.894895,2.585069,0.8553782,0.24246925,-0.58489144
4.904905,2.582704,0.8555622,0.24083933,-0.58561033
4.914915,2.5804117,0.85572106,0.23921926,-0.5863222
4.924925,2.578192,0.8558549,0.23760928,-0.5870264
4.934935,2.576046,0.85596406,0.23600979,-0.5877237
4.944945,2.5739741,0.8560482,0.23442078,-0.5884135
4.954955,2.571977,0.8561072,0.23284192,-0.5890963
4.964965,2.5700545,0.85614216,0.231274,-0.5897716
4.974975,2.568208,0.85615224,0.22971682,-0.59044015
4.984985,2.566437,0.8561381,0.22817054,-0.5911015
4.994995,2.5647416,0.8560997,0.22663492,-0.59175575
5.005005,2.5631225,0.85603726,0.22511029,-0.5924028
5.015015,2.5615795,0.8559509,0.22359669,-0.59304297
5.025025,2.5601132,0.85584104,0.22209458,-0.5936766
5.035035,2.558722,0.85570776,0.22060332,-0.5943033
5.045045,2.5574076,0.8555515,0.21912318,-0.59492266
5.055055,2.556169,0.8553722,0.21765436,-0.59553593
5.065065,2.5550063,0.8551699,0.21619643,-0.5961425
5.075075,2.5539181,0.8549454,0.21474968,-0.5967424
5.085085,2.5529058,0.85469866,0.21331437,-0.59733605
5.095095,2.5519676,0.8544304,0.21188995,-0.5979232
5.105105,2.5511043,0.85414034,0.21047656,-0.5985039
5.115115,2.5503142,0.85382926,0.20907485,-0.59907854
5.125125,2.5495968,0.8534974,0.20768374,-0.5996469
5.135135,2.5489526,0.85314435,0.20630328,-0.6002095
5.145145,2.54838,0.85277176,0.204934,-0.6007662
5.155155,2.5478785,0.85237914,0.20357579,-0.6013169
5.165165,2.547447,0.85196733,0.2022282,-0.6018622
5.175175,2.5470853,0.85153633,0.20089088,-0.6024016
5.185185,2.5467918,0.85108685,0.19956447,-0.6029359
5.195195,2.5465665,0.85061944,0.19824833,-0.60346454
5.2052054,2.5464077,0.8501339,0.19694282,-0.6039879
5.215215,2.546315,0.84963113,0.19564736,-0.60450625
5.2252254,2.5462866,0.8491116,0.19436213,-0.60501987
5.235235,2.5463214,0.8485758,0.19308656,-0.6055286
5.2452455,2.5464199,0.8480242,0.19182134,-0.6060319
5.255255,2.546579,0.84745705,0.19056587,-0.6065315
5.2652655,2.5467985,0.8468751,0.18931979,-0.60702604
5.275275,2.5470767,0.84627855,0.18808326,-0.60751647
5.2852855,2.5474126,0.84566826,0.18685623,-0.60800266
5.2952952,2.5478055,0.8450447,0.1856385,-0.6084846
5.3053055,2.5482528,0.8444078,0.18442936,-0.608963
5.3153152,2.5487545,0.8437591,0.18322958,-0.60943717
5.3253255,2.5493076,0.8430984,0.18203811,-0.60990787
5.3353353,2.549913,0.84242654,0.18085548,-0.6103749
5.3453455,2.5505679,0.841744,0.17968132,-0.6108384
5.3553553,2.5512705,0.8410513,0.17851533,-0.61129874
5.3653655,2.5520203,0.8403488,0.17735718,-0.61175585
5.3753753,2.5528152,0.8396372,0.17620692,-0.6122102
5.3853855,2.5536544,0.83891726,0.17506468,-0.6126618
5.3953953,2.554536,0.8381895,0.17392989,-0.6131102
5.4054055,2.555459,0.83745396,0.17280285,-0.6135563
5.4154153,2.556421,0.8367119,0.17168249,-0.61399966
5.4254255,2.5574217,0.8359635,0.1705694,-0.6144413
5.4354353,2.5584586,0.8352095,0.16946316,-0.6148803
5.4454455,2.5595305,0.83444995,0.1683637,-0.61531705
5.4554553,2.5606365,0.833686,0.16727084,-0.61575246
5.4654655,2.5617745,0.83291817,0.16618428,-0.61618567
5.4754753,2.5629432,0.83214647,0.16510363,-0.6166172
5.4854856,2.5641413,0.83137184,0.16402946,-0.61704755
5.4954953,2.565367,0.83059466,0.16296059,-0.6174762
5.5055056,2.5666192,0.8298156,0.16189818,-0.6179039
5.5155153,2.5678966,0.829035,0.16084072,-0.61833
5.5255256,2.5691972,0.8282537,0.15978888,-0.61875546
5.5355353,2.5705202,0.82747203,0.158742,-0.61917955
5.5455456,2.5718637,0.82669014,0.15770046,-0.6196034
5.5555553,2.573226,0.8259093,0.15666334,-0.6200261
5.5655656,2.5746071,0.82512885,0.15563108,-0.6204486
5.5755754,2.5760047,0.82435066,0.15460382,-0.6208705
5.5855856,2.5774174,0.82357407,0.15358065,-0.6212919
5.5955954,2.5788443,0.82279956,0.1525615,-0.62171304
5.6056056,2.5802839,0.82202864,0.15154661,-0.62213403
5.615616,2.5817351,0.8212605,0.1505359,-0.62255526
5.6256256,2.5831964,0.8204965,0.14952877,-0.62297624
5.635636,2.584667,0.81973624,0.1485255,-0.6233976
5.6456456,2.5861452,0.81898063,0.14752552,-0.62381905
5.655656,2.5876305,0.8182301,0.14652947,-0.62424123
5.6656656,2.589121,0.8174848,0.14553629,-0.6246632
5.675676,2.590616,0.816745,0.14454618,-0.625086
5.6856856,2.5921152,0.8160117,0.1435593,-0.6255096
5.695696,2.5936158,0.8152842,0.14257497,-0.6259335
5.7057056,2.5951185,0.8145634,0.14159404,-0.62635815
5.715716,2.5966213,0.8138497,0.14061534,-0.6267837
5.7257257,2.5981233,0.8131435,0.1396395,-0.62721014
5.735736,2.5996244,0.8124446,0.13866593,-0.6276375
5.7457457,2.6011226,0.8117536,0.13769482,-0.62806606
5.755756,2.602618,0.8110704,0.13672554,-0.6284956
5.7657657,2.6041095,0.81039584,0.135759,-0.6289259
5.775776,2.6055954,0.8097298,0.13479413,-0.6293579
5.7857857,2.607076,0.8090724,0.13383138,-0.62979096
5.795796,2.60855,0.8084238,0.13287045,-0.63022524
5.8058057,2.610017,0.8077847,0.13191126,-0.6306607
5.815816,2.6114764,0.8071551,0.13095392,-0.6310977
5.8258257,2.6129272,0.8065347,0.12999833,-0.631536
5.835836,2.614369,0.8059243,0.129044,-0.631976
5.8458457,2.6158006,0.8053236,0.12809113,-0.6324173
5.855856,2.6172223,0.8047328,0.12713961,-0.63286006
5.8658657,2.6186335,0.8041521,0.12618966,-0.6333046
5.875876,2.6200328,0.80358154,0.12524082,-0.6337503
5.8858857,2.6214206,0.80302167,0.12429343,-0.63419795
5.895896,2.6227958,0.8024716,0.1233467,-0.63464695
5.9059057,2.6241584,0.80193233,0.12240139,-0.63509774
5.915916,2.6255083,0.80140376,0.12145749,-0.6355504
5.9259257,2.626844,0.8008854,0.120513946,-0.6360043
5.935936,2.628166,0.80037767,0.11957158,-0.6364604
5.9459457,2.6294737,0.7998812,0.11863023,-0.6369177
5.955956,2.6307666,0.79939497,0.117689624,-0.63737696
5.9659657,2.6320448,0.7989194,0.11674988,-0.63783795
5.975976,2.6333084,0.79845464,0.11581081,-0.6383004
5.9859858,2.634556,0.7980007,0.114872724,-0.63876504
5.995996,2.6357884,0.7975577,0.11393505,-0.63923097
6.0060062,2.6370049,0.79712516,0.11299805,-0.63969874
6.016016,2.6382053,0.7967033,0.1120619,-0.6401683
6.0260262,2.6393893,0.7962922,0.111126155,-0.64063966
6.036036,2.6405573,0.7958917,0.110191494,-0.64111274
6.0460463,2.6417081,0.79550165,0.10925691,-0.6415873
6.056056,2.6428435,0.7951224,0.10832307,-0.64206356
6.0660663,2.6439612,0.7947535,0.10738973,-0.6425416
6.076076,2.6450624,0.79439497,0.1064568,-0.64302146
6.0860863,2.646147,0.7940467,0.105524465,-0.64350295
6.096096,2.6472147,0.79370874,0.10459258,-0.64398575
6.1061063,2.6482651,0.7933813,0.103661135,-0.6444706
6.116116,2.649299,0.7930638,0.102730185,-0.644957
6.1261263,2.6503158,0.79275614,0.10179967,-0.6454448
6.136136,2.6513155,0.7924583,0.10086954,-0.6459342
6.1461463,2.6522982,0.79217076,0.09994009,-0.64642596
6.156156,2.6532643,0.79189277,0.09901075,-0.6469182
6.1661663,2.6542137,0.79162437,0.098082066,-0.64741266
6.176176,2.6551454,0.79136544,0.09715359,-0.64790845
6.1861863,2.656061,0.79111624,0.096225545,-0.64840573
6.196196,2.6569593,0.7908761,0.09529808,-0.6489042
6.2062063,2.6578414,0.7906451,0.09437095,-0.6494044
6.216216,2.658707,0.790423,0.09344411,-0.64990616
6.2262263,2.6595562,0.79021025,0.092517674,-0.6504092
6.236236,2.6603885,0.7900061,0.09159182,-0.6509137
6.2462463,2.661205,0.78981066,0.090666145,-0.65141964
6.256256,2.6620054,0.789624,0.089741275,-0.65192676
6.2662663,2.6627889,0.7894457,0.08881636,-0.65243506
6.276276,2.6635573,0.7892755,0.08789207,-0.6529451
6.2862864,2.6643097,0.78911376,0.08696818,-0.65345633
6.296296,2.6650465,0.78895974,0.08604489,-0.6539686
6.3063064,2.665768,0.7888138,0.08512209,-0.6544821
6.316316,2.6664734,0.78867584,0.08419965,-0.65499693
6.3263264,2.6671643,0.78854555,0.08327775,-0.6555128
6.336336,2.66784,0.7884224,0.0823559,-0.65602994
6.3463464,2.6685007,0.788307,0.081434906,-0.65654814
6.356356,2.6691468,0.7881988,0.08051421,-0.65706736
6.3663664,2.669778,0.7880975,0.07959437,-0.6575878
6.376376,2.6703954,0.7880037,0.07867469,-0.6581093
6.3863864,2.6709971,0.78791636,0.077755585,-0.65863156
6.396396,2.6715856,0.78783584,0.076836824,-0.65915495
6.4064064,2.6721604,0.7877619,0.07591888,-0.65967953
6.4164166,2.6727214,0.7876944,0.07500163,-0.6602049
6.4264264,2.673269,0.787633,0.074084654,-0.66073114
6.4364367,2.6738029,0.78757834,0.07316832,-0.66125816
6.4464464,2.6743233,0.7875294,0.07225272,-0.6617864
6.4564567,2.6748314,0.78748626,0.071337566,-0.66231537
6.4664664,2.6753259,0.787449,0.07042293,-0.6628451
6.4764767,2.675808,0.78741735,0.069508955,-0.66337556
6.4864864,2.6762779,0.7873917,0.06859602,-0.66390693
6.4964967,2.6767352,0.7873712,0.067683205,-0.6644387
6.5065064,2.6771803,0.7873559,0.06677148,-0.66497165
6.5165167,2.6776133,0.78734595,0.06586033,-0.6655051
6.5265265,2.6780345,0.78734094,0.06494963,-0.6660393
6.5365367,2.6784446,0.7873406,0.06403977,-0.6665742
6.5465465,2.678843,0.7873455,0.06313071,-0.6671094
6.5565567,2.67923,0.7873549,0.06222233,-0.6676454
6.5665665,2.679606,0.7873689,0.061314553,-0.668182
6.5765767,2.6799707,0.7873873,0.060407653,-0.66871953
6.5865865,2.6803253,0.78741,0.059501737,-0.66925704
6.5965967,2.6806688,0.7874371,0.05859624,-0.6697952
6.6066065,2.6810024,0.78746814,0.057691947,-0.6703343
6.6166167,2.6813257,0.7875033,0.056788206,-0.67087334
6.6266265,2.6816387,0.7875425,0.05588524,-0.67141336
6.6366367,2.681942,0.78758514,0.054983437,-0.67195314
6.6466465,2.6822357,0.7876318,0.054082245,-0.6724939
6.6566567,2.6825192,0.7876816,0.053181916,-0.6730348
6.6666665,2.682794,0.78773504,0.052282378,-0.6735762
6.6766768,2.6830592,0.7877919,0.051383957,-0.6741179
6.6866865,2.6833158,0.787852,0.05048649,-0.6746601
6.6966968,2.6835632,0.78791547,0.049589843,-0.67520237
6.7067065,2.6838017,0.78798205,0.04869388,-0.6757453
6.716717,2.684032,0.7880512,0.047799274,-0.6762882
6.7267265,2.6842535,0.7881236,0.0469054,-0.67683136
6.736737,2.6844668,0.78819853,0.04601267,-0.67737484
6.7467465,2.684672,0.78827643,0.04512064,-0.6779187
6.756757,2.684869,0.7883568,0.044229582,-0.67846274
6.7667665,2.6850588,0.78843975,0.043340042,-0.6790067
6.776777,2.6852407,0.78852504,0.042451113,-0.6795511
6.7867866,2.6854146,0.7886129,0.04156348,-0.6800957
6.796797,2.6855814,0.78870285,0.04067661,-0.6806403
6.806807,2.685741,0.7887948,0.039790854,-0.68118536
6.816817,2.6858933,0.7888892,0.03890653,-0.6817303
6.826827,2.6860387,0.78898585,0.038023025,-0.6822754
6.836837,2.6861775,0.7890839,0.037140593,-0.6828207
6.846847,2.6863096,0.7891839,0.036259383,-0.6833657
6.856857,2.6864345,0.7892859,0.03537914,-0.68391114
6.866867,2.6865537,0.78938997,0.034500375,-0.6844565
6.876877,2.6866665,0.78949505,0.03362243,-0.68500197
6.886887,2.6867723,0.789602,0.0327456,-0.6855473
6.896897,2.6868727,0.78971064,0.03187023,-0.6860927
6.906907,2.6869671,0.7898204,0.030995876,-0.6866381
6.916917,2.687056,0.78993195,0.030122653,-0.6871836
6.926927,2.6871388,0.7900445,0.0292508,-0.687729
6.936937,2.6872163,0.7901583,0.028380051,-0.6882745
6.946947,2.687288,0.79027337,0.027510613,-0.6888196
6.956957,2.6873543,0.79038924,0.026642293,-0.689365
6.966967,2.6874154,0.79050696,0.025775284,-0.6899104
6.976977,2.6874712,0.7906251,0.024909332,-0.6904552
6.986987,2.6875224,0.7907445,0.024044946,-0.6910003
6.996997,2.6875682,0.79086435,0.023181885,-0.69154525
7.007007,2.6876097,0.7909857,0.022319973,-0.69209003
7.017017,2.6876462,0.7911076,0.021459281,-0.69263464
7.027027,2.687678,0.79123,0.020599693,-0.6931792
7.037037,2.6877058,0.79135305,0.019741923,-0.69372374
7.047047,2.6877286,0.7914773,0.018885225,-0.69426805
7.057057,2.6877475,0.7916017,0.018029734,-0.694812
7.067067,2.6877618,0.7917264,0.017175868,-0.695356
7.077077,2.687772,0.79185206,0.01632291,-0.6958996
7.087087,2.6877782,0.7919783,0.015471667,-0.69644326
7.097097,2.6877809,0.79210454,0.014621839,-0.69698644
7.107107,2.6877794,0.7922315,0.013773337,-0.69752985
7.117117,2.6877744,0.7923585,0.012926191,-0.6980727
7.127127,2.6877658,0.79248595,0.01208052,-0.6986153
7.137137,2.687753,0.79261327,0.011236012,-0.69915795
7.147147,2.687737,0.7927412,0.010393292,-0.6997002
7.157157,2.6877174,0.7928691,0.00955154,-0.70024216
7.167167,2.6876948,0.79299706,0.008711487,-0.7007841
7.177177,2.6876688,0.7931252,0.0078727305,-0.70132524
7.187187,2.68764,0.7932535,0.007035792,-0.70186657
7.197197,2.6876075,0.7933815,0.006199807,-0.7024073
7.207207,2.6875718,0.79350984,0.0053652525,-0.70294815
7.2172174,2.6875339,0.79363793,0.0045325756,-0.70348877
7.227227,2.6874928,0.7937663,0.0037012398,-0.7040285
7.2372375,2.6874485,0.7938938,0.0028712004,-0.7045684
7.247247,2.687402,0.7940219,0.0020429343,-0.70510787
7.2572575,2.687353,0.7941494,0.0012159199,-0.70564705
7.267267,2.6873012,0.7942768,0.00039072335,-0.70618594
7.2772775,2.6872463,0.7944038,-0.00043347478,-0.70672446
7.287287,2.6871893,0.7945305,-0.001255855,-0.7072625
7.2972975,2.6871302,0.79465723,-0.0020768344,-0.7078002
7.3073072,2.6870685,0.7947836,-0.0028962046,-0.7083377
7.3173175,2.6870046,0.7949094,-0.0037139654,-0.7088749
7.3273273,2.6869385,0.7950347,-0.0045303553,-0.70941174
7.3373375,2.6868699,0.79515994,-0.005345285,-0.7099483
7.3473473,2.6867995,0.7952847,-0.0061584115,-0.7104843
7.3573575,2.6867273,0.7954088,-0.0069699585,-0.71102005
7.3673673,2.686653,0.7955325,-0.0077801943,-0.7115553
7.3773775,2.6865761,0.7956561,-0.008588806,-0.7120903
7.3873873,2.6864982,0.79577875,-0.00939554,-0.71262527
7.3973975,2.6864183,0.79590076,-0.010201186,-0.71315926
7.4074073,2.6863372,0.7960226,-0.011004791,-0.7136932
7.4174175,2.6862528,0.7961437,-0.011807337,-0.71422637
7.4274273,2.6861684,0.79626435,-0.012607902,-0.71475935
7.4374375,2.6860812,0.796384,-0.013407007,-0.7152923
7.4474473,2.6859934,0.7965035,-0.014204308,-0.71582437
7.4574575,2.6859035,0.7966217,-0.015000239,-0.7163559
7.4674673,2.685812,0.7967397,-0.01579456,-0.7168875
7.4774776,2.6857195,0.7968572,-0.016587034,-0.7174185
7.4874873,2.6856258,0.7969737,-0.017378151,-0.71794885
7.4974976,2.6855304,0.7970895,-0.01816766,-0.71847916
7.5075073,2.685434,0.79720455,-0.018955514,-0.7190087
7.5175176,2.685336,0.79731923,-0.019741371,-0.7195382
7.5275273,2.6852372,0.79743254,-0.02052629,-0.72006714
7.5375376,2.685137,0.7975457,-0.021308929,-0.7205955
7.5475473,2.685036,0.79765767,-0.022090182,-0.7211232
7.5575576,2.6849337,0.79776907,-0.022869945,-0.7216507
7.5675673,2.6848304,0.7978794,-0.023647875,-0.722178
7.5775776,2.684726,0.7979886,-0.024424344,-0.7227045
7.5875874,2.684621,0.7980975,-0.02519913,-0.7232307
7.5975976,2.6845145,0.7982057,-0.025972143,-0.7237565
7.607608,2.684408,0.7983126,-0.026743576,-0.7242816
7.6176176,2.6843002,0.7984187,-0.027512968,-0.7248066
7.627628,2.6841915,0.7985242,-0.028281048,-0.7253308
7.6376376,2.6840818,0.7986288,-0.029047355,-0.7258549
7.647648,2.6839721,0.7987326,-0.029812023,-0.72637826
7.6576576,2.6838613,0.798835,-0.0305752,-0.7269013
7.667668,2.68375,0.79893655,-0.031336635,-0.7274236
7.6776776,2.6836379,0.7990374,-0.03209625,-0.72794586
7.687688,2.683525,0.79913765,-0.03285429,-0.72846717
7.6976976,2.6834123,0.79923624,-0.033610538,-0.72898823
7.707708,2.683298,0.79933447,-0.034365416,-0.72950894
7.7177176,2.6831841,0.7994313,-0.035118222,-0.7300291
7.727728,2.6830695,0.7995274,-0.035869405,-0.73054856
7.7377377,2.682954,0.79962265,-0.036619216,-0.73106766
7.747748,2.6828387,0.7997172,-0.037367046,-0.73158675
7.7577577,2.6827226,0.79980993,-0.038113326,-0.7321047
7.767768,2.6826067,0.79990214,-0.038857788,-0.7326223
7.7777777,2.6824896,0.79999334,-0.03960058,-0.7331393
7.787788,2.6823728,0.8000835,-0.04034175,-0.73365617
7.7977977,2.6822553,0.8001729,-0.041081354,-0.73417205
7.807808,2.6821382,0.800261,-0.041818917,-0.73468804
7.8178177,2.6820204,0.8003483,-0.042554975,-0.735203
7.827828,2.6819024,0.8004345,-0.04328914,-0.7357179
7.8378377,2.6817849,0.80051965,-0.044021502,-0.7362321
7.847848,2.6816661,0.8006037,-0.04475294,-0.7367457
7.8578577,2.6815479,0.8006868,-0.04548201,-0.73725873
7.867868,2.6814291,0.8007692,-0.046209544,-0.7377715
7.8778777,2.6813104,0.80085003,-0.04693538,-0.73828363
7.887888,2.681192,0.80093014,-0.047659367,-0.73879534
7.8978977,2.681073,0.80100936,-0.0483817,-0.7393067
7.907908,2.6809542,0.8010874,-0.049102515,-0.73981714
7.9179177,2.6808355,0.8011644,-0.049821332,-0.7403271
7.927928,2.6807168,0.8012401,-0.050538763,-0.74083686
7.9379377,2.680598,0.8013148,-0.051254436,-0.7413459
7.947948,2.6804793,0.8013888,-0.051968083,-0.7418544
7.9579577,2.680361,0.80146146,-0.05268027,-0.7423625
7.967968,2.6802423,0.8015333,-0.05339074,-0.7428704
7.9779778,2.6801238,0.8016039,-0.054099366,-0.7433773
7.987988,2.6800053,0.8016735,-0.05480635,-0.74388397
7.9979978,2.679887,0.80174196,-0.055511698,-0.7443897
8.008008,2.6797693,0.80180985,-0.0562153,-0.74489516
8.018018,2.679651,0.8018762,-0.05691716,-0.7454002
8.0280285,2.6795337,0.8019415,-0.05761747,-0.7459045
8.038038,2.679416,0.802006,-0.058315963,-0.74640846
8.048048,2.6792986,0.8020694,-0.059012726,-0.74691176
8.058058,2.6791816,0.8021315,-0.059707835,-0.7474145
8.0680685,2.6790648,0.80219287,-0.060401008,-0.7479172
8.078078,2.6789484,0.8022531,-0.06109263,-0.7484187
8.088088,2.6788318,0.8023123,-0.06178263,-0.74892
8.098098,2.6787157,0.80237,-0.062470704,-0.74942064
8.1081085,2.6786005,0.80242705,-0.0631571,-0.7499212
8.118118,2.6784852,0.802483,-0.06384198,-0.75042063
8.128128,2.6783698,0.8025379,-0.06452511,-0.75092006
8.138138,2.678255,0.8025919,-0.06520623,-0.75141835
8.148149,2.6781409,0.80264455,-0.06588602,-0.75191665
8.158158,2.6780264,0.8026966,-0.06656426,-0.75241405
8.168168,2.6779134,0.80274737,-0.06724028,-0.75291085
8.178178,2.6778,0.80279696,-0.06791486,-0.7534075
8.188189,2.677687,0.8028459,-0.068587855,-0.75390345
8.198198,2.6775749,0.8028934,-0.06925881,-0.75439864
8.208208,2.6774626,0.8029399,-0.06992836,-0.7548938
8.218218,2.6773508,0.80298537,-0.07059617,-0.75538814
8.228229,2.6772397,0.8030302,-0.07126218,-0.75588197
8.238238,2.6771288,0.8030736,-0.07192652,-0.7563751
8.248248,2.6770184,0.80311596,-0.0725894,-0.75686795
8.258258,2.6769087,0.8031572,-0.07325032,-0.75736004
8.268269,2.6767993,0.8031979,-0.0739094,-0.7578521
8.278278,2.6766903,0.80323714,-0.074567094,-0.7583429
8.288288,2.6765819,0.8032753,-0.07522315,-0.7588335
8.298298,2.676474,0.8033129,-0.075877264,-0.7593236
8.308309,2.6763666,0.8033492,-0.07652998,-0.7598133
8.318318,2.6762598,0.8033846,-0.07718086,-0.76030195
8.328328,2.6761534,0.8034188,-0.07782993,-0.7607905
8.338338,2.6760476,0.8034524,-0.078477755,-0.761278
8.348349,2.6759422,0.8034845,-0.07912345,-0.76176566
8.358358,2.6758373,0.8035162,-0.079767615,-0.7622522
8.368368,2.6757329,0.8035461,-0.08041015,-0.7627383
8.378378,2.6756294,0.80357563,-0.08105077,-0.76322424
8.388389,2.6755264,0.8036041,-0.08169001,-0.7637095
8.398398,2.675424,0.80363125,-0.08232765,-0.76419383
8.408408,2.675322,0.8036576,-0.08296333,-0.764678
8.418419,2.6752205,0.8036831,-0.08359778,-0.7651615
8.428429,2.6751196,0.8037076,-0.0842302,-0.7656449
8.438438,2.6750195,0.80373085,-0.08486095,-0.7661271
8.448448,2.6749196,0.80375355,-0.08549006,-0.76660895
8.458459,2.6748211,0.80377483,-0.086117685,-0.7670903
8.468469,2.6747224,0.8037955,-0.08674373,-0.76757103
8.478478,2.6746247,0.8038152,-0.087368056,-0.76805127
8.488488,2.6745274,0.80383384,-0.087990284,-0.768531
8.498499,2.6744306,0.80385137,-0.08861141,-0.7690102
8.508509,2.674335,0.8038682,-0.08923072,-0.76948875
8.518518,2.6742392,0.80388397,-0.08984839,-0.76996684
8.528528,2.6741447,0.803899,-0.09046425,-0.7704446
8.538539,2.674051,0.8039129,-0.09107894,-0.77092135
8.548549,2.673957,0.803926,-0.09169166,-0.7713977
8.558558,2.6738646,0.803938,-0.092302665,-0.77187353
8.568568,2.6737723,0.8039492,-0.0929121,-0.77234894
8.578579,2.673681,0.80395937,-0.0935202,-0.7728238
8.588589,2.6735902,0.8039686,-0.0941265,-0.7732981
8.5985985,2.6735,0.803977,-0.0947308,-0.77377194
8.608608,2.6734104,0.80398446,-0.095334046,-0.77424514
8.618619,2.6733217,0.8039911,-0.09593547,-0.77471733
8.628629,2.6732333,0.8039966,-0.09653505,-0.77518946
8.6386385,2.6731458,0.8040014,-0.09713346,-0.7756611
8.648648,2.673059,0.8040054,-0.09772999,-0.77613187
8.658659,2.6729727,0.8040086,-0.09832493,-0.77660257
8.668669,2.672887,0.8040107,-0.098918326,-0.77707225
8.6786785,2.6728024,0.8040118,-0.09951004,-0.7775417
8.688688,2.672718,0.80401206,-0.10010045,-0.77801025
8.698699,2.6726348,0.8040116,-0.10068892,-0.7784787
8.708709,2.6725514,0.80401045,-0.101275824,-0.77894616
8.718719,2.67247,0.8040081,-0.10186127,-0.7794134
8.728728,2.672388,0.80400515,-0.10244538,-0.7798799
8.738739,2.6723075,0.804001,-0.1030274,-0.780346
8.748749,2.6722274,0.80399644,-0.1036083,-0.7808114
8.758759,2.6721478,0.80399066,-0.10418729,-0.7812765
8.768768,2.672069,0.803984,-0.1047648,-0.7817406
8.778779,2.6719913,0.8039768,-0.10534078,-0.78220457
8.788789,2.6719139,0.8039685,-0.10591534,-0.78266764
8.798799,2.6718373,0.8039595,-0.106487975,-0.7831306
8.808809,2.6717615,0.80395,-0.107059486,-0.7835927
8.818819,2.6716862,0.80393934,-0.10762907,-0.7840543
8.828829,2.6716115,0.8039278,-0.108197436,-0.7845153
8.838839,2.6715376,0.8039159,-0.108763866,-0.78497577
8.848849,2.6714644,0.80390286,-0.10932885,-0.78543586
8.858859,2.6713915,0.80388886,-0.10989291,-0.7858952
8.868869,2.6713202,0.8038743,-0.1104546,-0.7863542
8.878879,2.6712487,0.80385864,-0.11101491,-0.7868124
8.888889,2.6711783,0.80384254,-0.11157421,-0.78727025
8.898899,2.6711085,0.80382544,-0.11213155,-0.7877277
8.908909,2.6710398,0.80380774,-0.11268744,-0.7881844
8.918919,2.6709712,0.80378914,-0.11324189,-0.78864026
8.928929,2.670904,0.8037698,-0.11379481,-0.789096
8.938939,2.670837,0.80374956,-0.11434611,-0.78955084
8.948949,2.6707704,0.8037288,-0.11489581,-0.79000515
8.958959,2.670705,0.80370724,-0.11544419,-0.7904593
8.968969,2.6706398,0.803685,-0.11599123,-0.7909126
8.978979,2.670576,0.8036619,-0.11653643,-0.7913653
8.988989,2.6705124,0.803638,-0.11708009,-0.7918175
8.998999,2.6704495,0.8036134,-0.11762257,-0.7922696
9.009009,2.6703875,0.8035879,-0.11816345,-0.7927206
9.019019,2.670326,0.80356205,-0.11870282,-0.7931713
9.029029,2.6702652,0.8035352,-0.11924076,-0.7936213
9.039039,2.670205,0.8035079,-0.11977706,-0.7940708
9.049049,2.670146,0.8034796,-0.12031204,-0.79451966
9.059059,2.670087,0.8034506,-0.12084552,-0.794968
9.069069,2.6700287,0.803421,-0.12137764,-0.7954162
9.079079,2.6699717,0.80339074,-0.12190783,-0.79586315
9.089089,2.6699154,0.8033599,-0.12243699,-0.79631007
9.099099,2.6698587,0.803328,-0.12296456,-0.7967562
9.109109,2.669804,0.8032958,-0.12349075,-0.79720193
9.119119,2.6697493,0.8032628,-0.12401541,-0.7976471
9.129129,2.6696951,0.80322886,-0.12453897,-0.7980916
9.139139,2.6696417,0.80319446,-0.12506056,-0.7985356
9.149149,2.6695895,0.8031592,-0.12558062,-0.7989791
9.159159,2.6695373,0.80312335,-0.1260998,-0.79942185
9.169169,2.6694863,0.8030869,-0.12661734,-0.7998645
9.179179,2.6694355,0.80304986,-0.12713343,-0.800306
9.189189,2.6693857,0.803012,-0.12764803,-0.8007472
9.199199,2.6693366,0.8029737,-0.1281611,-0.8011881
9.209209,2.6692884,0.80293494,-0.12867317,-0.80162835
9.219219,2.6692398,0.80289495,-0.1291835,-0.8020679
9.229229,2.6691926,0.8028548,-0.12969233,-0.80250686
9.23924,2.6691463,0.8028138,-0.13019992,-0.8029456
9.249249,2.6691,0.80277216,-0.13070637,-0.8033835
9.259259,2.6690545,0.8027298,-0.1312109,-0.8038208
9.269269,2.66901,0.80268705,-0.13171434,-0.8042577
9.27928,2.6689665,0.8026436,-0.13221636,-0.80469394
9.289289,2.668923,0.80259967,-0.13271695,-0.8051297
9.299299,2.66888,0.80255497,-0.1332162,-0.80556506
9.309309,2.6688378,0.8025098,-0.13371414,-0.8059997
9.31932,2.6687963,0.8024639,-0.13421053,-0.8064339
9.3293295,2.6687558,0.8024172,-0.1347056,-0.8068671
9.339339,2.6687157,0.8023703,-0.13519925,-0.8073001
9.349349,2.6686761,0.8023226,-0.13569164,-0.80773246
9.35936,2.6686375,0.8022745,-0.13618271,-0.80816454
9.3693695,2.6685994,0.80222553,-0.13667265,-0.8085956
9.379379,2.6685612,0.8021762,-0.13716069,-0.8090267
9.389389,2.6685247,0.8021264,-0.13764752,-0.8094567
9.3994,2.668488,0.80207574,-0.1381332,-0.80988646
9.4094095,2.6684523,0.8020248,-0.13861752,-0.8103161
9.419419,2.6684172,0.8019732,-0.13910022,-0.81074446
9.429429,2.6683824,0.8019212,-0.13958186,-0.8111726
9.43944,2.668349,0.8018684,-0.14006202,-0.8116
9.44945,2.6683154,0.8018152,-0.14054133,-0.8120269
9.459459,2.6682827,0.8017612,-0.14101896,-0.8124532
9.469469,2.668251,0.8017068,-0.14149496,-0.8128791
9.47948,2.6682193,0.801652,-0.14197001,-0.8133043
9.48949,2.6681886,0.8015968,-0.14244367,-0.8137293
9.499499,2.6681583,0.80154073,-0.1429161,-0.8141532
9.509509,2.6681285,0.80148435,-0.14338727,-0.8145773
9.51952,2.6680996,0.8014274,-0.1438569,-0.8150001
9.52953,2.668071,0.8013701,-0.14432529,-0.81542253
9.539539,2.6680434,0.8013118,-0.1447926,-0.8158444
9.549549,2.6680162,0.8012538,-0.14525822,-0.8162662
9.55956,2.6679893,0.8011945,-0.145723,-0.8166869
9.56957,2.6679633,0.8011354,-0.14618638,-0.8171072
9.579579,2.6679375,0.8010752,-0.14664848,-0.8175271
9.589589,2.6679132,0.80101484,-0.14710903,-0.8179463
9.5996,2.6678889,0.8009539,-0.14756879,-0.8183649
9.60961,2.6678643,0.8008923,-0.14802721,-0.8187832
9.619619,2.6678414,0.80083054,-0.14848395,-0.81920093
9.62963,2.6678193,0.8007682,-0.1489397,-0.8196181
9.63964,2.6677969,0.8007053,-0.14939402,-0.82003444
9.64965,2.6677754,0.8006419,-0.14984721,-0.82045054
9.659659,2.6677542,0.8005783,-0.1502994,-0.8208659
9.66967,2.667734,0.8005141,-0.15075004,-0.82128054
9.67968,2.667714,0.8004495,-0.15119965,-0.82169497
9.68969,2.6676948,0.8003845,-0.15164779,-0.82210886
9.699699,2.6676762,0.8003189,-0.15209469,-0.822522
9.70971,2.6676579,0.80025303,-0.15254067,-0.8229345
9.71972,2.6676402,0.80018634,-0.15298529,-0.82334673
9.72973,2.6676233,0.8001195,-0.1534289,-0.82375824
9.739739,2.6676066,0.8000522,-0.15387094,-0.82416916
9.74975,2.6675904,0.7999844,-0.15431203,-0.8245798
9.75976,2.6675751,0.7999164,-0.15475175,-0.82498974
9.76977,2.6675603,0.7998479,-0.15519026,-0.82539886
9.779779,2.6675458,0.79977876,-0.15562758,-0.82580775
9.78979,2.667532,0.7997092,-0.15606369,-0.82621604
9.7998,2.6675189,0.7996396,-0.15649855,-0.8266237
9.80981,2.6675055,0.7995694,-0.15693249,-0.827031
9.819819,2.6674936,0.7994989,-0.15736505,-0.82743746
9.82983,2.6674814,0.7994276,-0.15779644,-0.8278439
9.83984,2.6674702,0.7993564,-0.1582267,-0.8282491
9.84985,2.6674595,0.79928464,-0.15865591,-0.82865417
9.859859,2.667449,0.79921246,-0.15908375,-0.82905865
9.86987,2.6674392,0.79913956,-0.15951045,-0.82946247
9.87988,2.66743,0.79906696,-0.1599358,-0.829866
9.88989,2.667421,0.79899347,-0.16036032,-0.8302688
9.8998995,2.6674132,0.79892004,-0.1607837,-0.8306709
9.90991,2.6674056,0.79884565,-0.16120574,-0.83107287
9.91992,2.667398,0.7987712,-0.1616269,-0.83147377
9.92993,2.6673913,0.79869634,-0.16204657,-0.83187455
9.9399395,2.6673849,0.798621,-0.1624654,-0.83227456
9.94995,2.6673791,0.7985456,-0.16288285,-0.83267397
9.95996,2.667374,0.7984699,-0.16329956,-0.8330728
9.96997,2.6673687,0.7983936,-0.16371468,-0.83347136
9.9799795,2.6673644,0.7983169,-0.16412896,-0.8338692
9.98999,2.6673605,0.79823995,-0.1645422,-0.8342667
10.0,2.6673567,0.79816264,-0.16495413,-0.8346633
