t,u1,u2,u3,f1,f2
0.0,0.9996131,0.80071133,0.49929968,0.4810139,0.5679791
0.01001001,1.004379,0.80638474,0.48327926,0.4682938,0.5512011
0.02002002,1.0089955,0.8118809,0.46709833,0.45490322,0.5340271
0.03003003,1.01346,0.81719595,0.4507613,0.44087875,0.51646864
0.04004004,1.0177699,0.8223265,0.43427196,0.42626312,0.49853784
0.05005005,1.0219233,0.8272696,0.41763517,0.4111063,0.48024887
0.06006006,1.0259178,0.83202153,0.4008564,0.39546472,0.46161792
0.07007007,1.0297513,0.83657986,0.3839396,0.3793967,0.44266006
0.08008008,1.0334219,0.84094185,0.36688933,0.36296293,0.42339218
0.09009009,1.0369285,0.8451037,0.34971222,0.346229,0.40383425
0.1001001,1.0402689,0.8490643,0.3324127,0.32925484,0.38400427
0.11011011,1.0434418,0.8528215,0.31499526,0.31209767,0.3639212
0.12012012,1.0464462,0.85637194,0.29746684,0.29481634,0.34360725
0.13013013,1.0492812,0.8597149,0.27983245,0.27745873,0.32308295
0.14014015,1.0519458,0.862848,0.2620966,0.2600676,0.3023687
0.15015015,1.0544385,0.86577004,0.24426647,0.2426814,0.28148833
0.16016015,1.0567597,0.86847967,0.22634734,0.2253286,0.26046357
0.17017017,1.0589087,0.8709758,0.20834483,0.2080317,0.23931673
0.18018018,1.060885,0.8732572,0.19026537,0.19080588,0.21807095
0.1901902,1.062688,0.8753237,0.17211421,0.17365932,0.19674782
0.2002002,1.064319,0.8771742,0.1538979,0.15659557,0.17536983
0.2102102,1.0657768,0.8788083,0.13562275,0.13961433,0.15395924
0.22022022,1.0670623,0.88022655,0.11729517,0.12271033,0.13253714
0.23023023,1.0681757,0.8814288,0.098920904,0.1058769,0.111123204
0.24024025,1.069118,0.88241476,0.08050611,0.089107044,0.0897366
0.25025025,1.0698895,0.88318545,0.062057637,0.07239315,0.06839648
0.26026025,1.0704911,0.8837419,0.043581687,0.05572926,0.04712015
0.27027026,1.0709234,0.8840837,0.025084635,0.039112415,0.025923885
0.2802803,1.0711883,0.88421303,0.0065729823,0.022542082,0.004823346
0.2902903,1.0712862,0.8841308,-0.011947492,0.0060204137,-0.016167538
0.3003003,1.071219,0.8838386,-0.030468086,-0.0104428185,-0.037032016
0.3103103,1.0709877,0.88333744,-0.048984982,-0.026839618,-0.057759687
0.3203203,1.0705944,0.8826297,-0.06749002,-0.04315255,-0.078335196
0.33033034,1.0700403,0.8817176,-0.08597652,-0.059363984,-0.09874495
0.34034035,1.0693275,0.88060254,-0.1044387,-0.07545231,-0.11897638
0.35035035,1.0684575,0.87928694,-0.12286983,-0.09139463,-0.13901556
0.36036035,1.0674328,0.87777394,-0.14126305,-0.10716457,-0.15884759
0.37037036,1.066255,0.8760651,-0.15961127,-0.12273604,-0.17845708
0.3803804,1.0649266,0.87416416,-0.17790906,-0.13808444,-0.19782941
0.3903904,1.0634497,0.87207323,-0.19614933,-0.15318555,-0.216948
0.4004004,1.0618271,0.8697956,-0.21432517,-0.16801609,-0.2357955
0.4104104,1.0600607,0.8673344,-0.23243122,-0.18255726,-0.25435594
0.4204204,1.0581533,0.8646932,-0.25046,-0.19679165,-0.27261078
0.43043044,1.0561073,0.8618744,-0.26840672,-0.21070616,-0.2905446
0.44044045,1.0539255,0.85888225,-0.28626302,-0.22428985,-0.30813837
0.45045045,1.0516106,0.8557196,-0.3040243,-0.23753628,-0.32537794
0.46046045,1.049165,0.8523902,-0.3216841,-0.2504418,-0.342248
0.47047046,1.0465919,0.848898,-0.3392361,-0.2630043,-0.35873494
0.4804805,1.0438944,0.84524614,-0.3566757,-0.27522606,-0.3748284
0.4904905,1.0410751,0.8414385,-0.37399587,-0.2871089,-0.39051777
0.5005005,1.0381366,0.8374787,-0.39119098,-0.2986567,-0.40579554
0.5105105,1.0350822,0.8333704,-0.40825656,-0.30987504,-0.42065775
0.5205205,1.0319154,0.82911736,-0.42518643,-0.32076782,-0.4351009
0.5305305,1.0286385,0.82472354,-0.44197598,-0.33134153,-0.4491251
0.5405405,1.0252547,0.82019264,-0.45862052,-0.34160203,-0.46273208
0.5505506,1.0217668,0.8155281,-0.4751154,-0.35155296,-0.47592598
0.5605606,1.0181785,0.81073374,-0.4914548,-0.3611981,-0.48871124
0.5705706,1.0144929,0.8058128,-0.50763565,-0.370543,-0.5010961
0.5805806,1.0107123,0.8007696,-0.5236532,-0.37959027,-0.51308835
0.5905906,1.0068406,0.7956068,-0.53950405,-0.38834414,-0.5246976
0.6006006,1.0028805,0.79032797,-0.55518407,-0.39680642,-0.5359339
0.6106106,0.9988352,0.7849377,-0.57068944,-0.40497914,-0.5468073
0.6206206,0.99470776,0.7794383,-0.586018,-0.41286686,-0.5573297
0.6306306,0.99050134,0.77383333,-0.60116565,-0.42046902,-0.56751144
0.6406406,0.98621905,0.7681257,-0.61613,-0.42778882,-0.5773637
0.6506507,0.98186386,0.7623194,-0.6309083,-0.4348272,-0.5868974
0.6606607,0.97743905,0.75641626,-0.64549834,-0.44158655,-0.5961234
0.6706707,0.9729473,0.75042063,-0.6598982,-0.4480672,-0.6050518
0.6806807,0.9683924,0.74433416,-0.6741051,-0.45426992,-0.6136929
0.6906907,0.96377647,0.73816055,-0.6881179,-0.46019575,-0.62205607
0.7007007,0.95910335,0.7319023,-0.7019356,-0.4658453,-0.6301513
0.7107107,0.95437616,0.7255618,-0.7155561,-0.47121766,-0.6379871
0.7207207,0.9495971,0.71914154,-0.7289787,-0.4763138,-0.64557236
0.7307307,0.94476986,0.71264523,-0.7422023,-0.48113146,-0.6529149
0.7407407,0.93989724,0.7060737,-0.75522804,-0.4856713,-0.660024
0.7507508,0.93498236,0.69943005,-0.76805204,-0.48992956,-0.66690546
0.7607608,0.9300284,0.69271606,-0.7806768,-0.493906,-0.6735681
0.7707708,0.9250384,0.68593496,-0.7931009,-0.497598,-0.6800183
0.7807808,0.92001504,0.67908734,-0.8053245,-0.5010021,-0.686263
0.7907908,0.91496164,0.672177,-0.8173487,-0.5041167,-0.6923089
0.8008008,0.9098812,0.66520494,-0.82917243,-0.5069375,-0.6981618
0.8108108,0.9047765,0.658173,-0.84079736,-0.5094611,-0.7038283
0.8208208,0.8996512,0.65108365,-0.85222286,-0.51168454,-0.7093136
0.8308308,0.89450777,0.6439375,-0.86345094,-0.51360375,-0.71462417
0.8408408,0.8893497,0.636738,-0.8744813,-0.5152154,-0.71976423
0.8508509,0.8841794,0.62948555,-0.88531643,-0.5165148,-0.7247403
0.8608609,0.87900025,0.6221828,-0.8959554,-0.51749974,-0.7295561
0.8708709,0.8738156,0.6148308,-0.9064006,-0.5181665,-0.7342172
0.8808809,0.8686283,0.60743064,-0.91665334,-0.51851183,-0.7387281
0.8908909,0.86344105,0.59998435,-0.9267139,-0.51853305,-0.7430932
0.9009009,0.8582575,0.5924937,-0.9365846,-0.51822805,-0.7473167
0.9109109,0.8530799,0.5849597,-0.9462658,-0.51759446,-0.7514029
0.9209209,0.8479124,0.5773843,-0.9557594,-0.5166316,-0.7553557
0.9309309,0.84275705,0.56976825,-0.96506786,-0.5153382,-0.75917935
0.9409409,0.8376174,0.56211287,-0.9741912,-0.5137141,-0.76287717
0.950951,0.8324967,0.55442053,-0.9831316,-0.5117597,-0.7664529
0.960961,0.82739705,0.5466911,-0.99189025,-0.50947607,-0.76991004
0.970971,0.82232225,0.5389269,-1.0004691,-0.5068644,-0.77325207
0.980981,0.8172751,0.5311288,-1.0088696,-0.50392705,-0.7764822
0.990991,0.8122582,0.52329856,-1.0170932,-0.5006681,-0.7796038
1.001001,0.8072753,0.5154373,-1.0251428,-0.49709007,-0.7826199
1.011011,0.80232835,0.50754553,-1.033018,-0.49319693,-0.78553337
1.021021,0.797421,0.4996242,-1.0407217,-0.48899308,-0.7883475
1.031031,0.7925556,0.49167567,-1.0482547,-0.4844854,-0.7910646
1.041041,0.7877356,0.48370022,-1.0556195,-0.47967836,-0.79368776
1.051051,0.782963,0.47569877,-1.062817,-0.47457856,-0.79621977
1.061061,0.778241,0.46767312,-1.0698495,-0.46919295,-0.79866284
1.071071,0.7735723,0.459624,-1.0767182,-0.4635287,-0.8010197
1.081081,0.7689596,0.45155257,-1.0834234,-0.45759434,-0.80329233
1.091091,0.7644052,0.44345874,-1.0899689,-0.4513963,-0.8054837
1.1011012,0.7599117,0.43534487,-1.096355,-0.44494417,-0.80759555
1.1111112,0.75548214,0.42721194,-1.102583,-0.4382457,-0.80963
1.1211212,0.751118,0.4190603,-1.1086549,-0.43131056,-0.81158924
1.1311312,0.74682266,0.41089135,-1.1145724,-0.42414764,-0.8134753
1.1411412,0.7425977,0.40270513,-1.120336,-0.4167646,-0.81528986
1.1511512,0.738446,0.39450282,-1.1259481,-0.40917233,-0.8170349
1.1611612,0.73436916,0.38628548,-1.1314098,-0.4013796,-0.81871206
1.1711712,0.73036945,0.37805468,-1.136723,-0.39339596,-0.8203231
1.1811812,0.726449,0.36980993,-1.1418877,-0.3852308,-0.8218692
1.1911912,0.7226097,0.3615523,-1.1469072,-0.3768934,-0.8233525
1.2012012,0.7188531,0.35328335,-1.1517806,-0.36839405,-0.8247737
1.2112112,0.7151815,0.3450026,-1.1565111,-0.35974044,-0.82613456
1.2212212,0.7115963,0.3367116,-1.1610993,-0.35094246,-0.8274364
1.2312312,0.7080991,0.32841092,-1.1655465,-0.3420103,-0.8286803
1.2412412,0.70469135,0.32010108,-1.1698536,-0.3329521,-0.82986754
1.2512512,0.7013751,0.31178194,-1.1740229,-0.32377577,-0.830999
1.2612612,0.6981512,0.30345553,-1.1780548,-0.31449214,-0.83207595
1.2712712,0.6950207,0.29512125,-1.1819502,-0.30510762,-0.8330994
1.2812812,0.69198483,0.2867797,-1.1857115,-0.2956321,-0.83407015
1.2912912,0.689045,0.27843255,-1.1893388,-0.28607324,-0.8349893
1.3013014,0.6862022,0.27007884,-1.1928337,-0.2764391,-0.83585745
1.3113114,0.68345743,0.26171952,-1.1961969,-0.26673725,-0.8366756
1.3213214,0.6808117,0.25335592,-1.1994306,-0.25697622,-0.83744466
1.3313314,0.67826474,0.24498707,-1.2025335,-0.24716242,-0.83816487
1.3413414,0.675818,0.23661381,-1.2055095,-0.23730333,-0.8388381
1.3513514,0.67347234,0.22823697,-1.2083577,-0.22740585,-0.83946395
1.3613614,0.6712275,0.2198568,-1.2110798,-0.21747737,-0.8400438
1.3713714,0.6690845,0.21147281,-1.2136772,-0.20752402,-0.84057796
1.3813814,0.66704303,0.20308715,-1.21615,-0.19755316,-0.84106743
1.3913914,0.66510403,0.19469815,-1.2184994,-0.18756966,-0.8415126
1.4014014,0.66326696,0.18630725,-1.2207268,-0.17757986,-0.8419148
1.4114114,0.6615326,0.17791396,-1.2228324,-0.16758993,-0.8422739
1.4214214,0.65990067,0.16951877,-1.2248164,-0.15760553,-0.84259075
1.4314314,0.6583711,0.16112286,-1.226682,-0.14763202,-0.84286666
1.4414414,0.65694344,0.15272456,-1.2284275,-0.1376739,-0.84310156
1.4514514,0.6556181,0.14432651,-1.230055,-0.12773785,-0.8432965
1.4614614,0.65439457,0.13592678,-1.231565,-0.11782763,-0.84345245
1.4714714,0.65327257,0.12752634,-1.2329581,-0.10794806,-0.8435695
1.4814814,0.6522513,0.11912613,-1.2342341,-0.09810472,-0.8436488
1.4914914,0.651331,0.11072474,-1.2353954,-0.088300444,-0.84369105
1.5015016,0.6505104,0.102323584,-1.2364411,-0.0785409,-0.843697
1.5115116,0.6497895,0.093923144,-1.2373722,-0.0688305,-0.84366727
1.5215216,0.6491678,0.08552175,-1.2381896,-0.059171148,-0.84360284
1.5315316,0.648644,0.077122025,-1.2388934,-0.0495694,-0.8435045
1.5415416,0.6482178,0.068721585,-1.2394838,-0.040026564,-0.84337276
1.5515516,0.64788836,0.060322337,-1.2399622,-0.030547582,-0.8432087
1.5615616,0.6476548,0.051924042,-1.2403281,-0.02113657,-0.843013
1.5715716,0.64751655,0.043525986,-1.2405822,-0.011794776,-0.8427866
1.5815816,0.64747226,0.0351296,-1.2407243,-0.0025276206,-0.84253025
1.5915916,0.64752126,0.026734881,-1.2407563,0.0066621853,-0.84224504
1.6016016,0.6476628,0.018341117,-1.2406754,0.01577205,-0.84193105
1.6116116,0.6478959,0.009949498,-1.2404848,0.024798939,-0.8415899
1.6216216,0.64821845,0.0015590712,-1.2401834,0.033740077,-0.84122217
1.6316316,0.6486308,-0.006829925,-1.2397715,0.042592876,-0.8408285
1.6416416,0.64913166,-0.015216775,-1.2392493,0.05135519,-0.8404097
1.6516516,0.64971894,-0.023601241,-1.2386163,0.060022704,-0.83996665
1.6616616,0.65039206,-0.031983323,-1.2378732,0.068594225,-0.83950025
1.6716716,0.6511508,-0.04036302,-1.2370197,0.07706749,-0.8390106
1.6816816,0.65199256,-0.04873938,-1.2360559,0.08543954,-0.8384989
1.6916916,0.65291685,-0.057113834,-1.2349805,0.093708664,-0.8379656
1.7017018,0.65392256,-0.06548495,-1.2337958,0.101872735,-0.8374115
1.7117118,0.655008,-0.0738532,-1.2324995,0.10993015,-0.8368369
1.7217218,0.65617245,-0.0822174,-1.231092,0.11787781,-0.83624256
1.7317318,0.6574144,-0.090578265,-1.2295738,0.12571532,-0.8356288
1.7417418,0.65873253,-0.09893555,-1.2279443,0.1334399,-0.8349962
1.7517518,0.6601261,-0.10728902,-1.2262022,0.14105025,-0.83434486
1.7617618,0.6615933,-0.11563725,-1.2243481,0.14854404,-0.8336752
1.7717718,0.6631331,-0.12398166,-1.2223818,0.15592135,-0.8329874
1.7817818,0.6647441,-0.13232177,-1.2203014,0.16317935,-0.8322816
1.7917918,0.6664255,-0.14065617,-1.2181082,0.17031689,-0.831558
1.8018018,0.66817564,-0.14898676,-1.2158011,0.1773346,-0.8308165
1.8118118,0.6699931,-0.15731043,-1.2133799,0.18422815,-0.83005714
1.8218218,0.67187667,-0.16562909,-1.2108427,0.19099824,-0.82927966
1.8318318,0.6738255,-0.17394179,-1.2081903,0.19764414,-0.82848376
1.8418418,0.6758383,-0.18224853,-1.205422,0.20416433,-0.8276697
1.8518518,0.6779131,-0.19054812,-1.2025367,0.2105578,-0.8268364
1.8618618,0.6800495,-0.19884056,-1.1995336,0.21682316,-0.8259837
1.8718718,0.68224615,-0.20712727,-1.1964121,0.22296198,-0.8251109
1.8818818,0.6845013,-0.21540636,-1.1931709,0.22897138,-0.82421744
1.8918918,0.686814,-0.22367638,-1.1898106,0.23485136,-0.8233028
1.901902,0.68918335,-0.23193997,-1.1863292,0.24060188,-0.82236576
1.911912,0.69160753,-0.2401945,-1.182726,0.2462223,-0.8214057
1.921922,0.69408566,-0.24843901,-1.1790011,0.25171164,-0.8204219
1.931932,0.69661677,-0.25667566,-1.1751523,0.25707078,-0.8194125
1.941942,0.69919914,-0.264903,-1.1711789,0.2622991,-0.8183771
1.951952,0.70183194,-0.27311963,-1.1670812,0.26739615,-0.8173142
1.961962,0.70451367,-0.28132647,-1.1628566,0.27236205,-0.81622237
1.971972,0.70724374,-0.2895221,-1.1585046,0.27719674,-0.8151003
1.981982,0.71002066,-0.29770702,-1.1540244,0.28190073,-0.81394637
1.991992,0.7128435,-0.30588,-1.149415,0.28647393,-0.8127591
2.002002,0.7157105,-0.31404108,-1.1446753,0.29091576,-0.8115368
2.012012,0.7186213,-0.32219023,-1.1398035,0.29522818,-0.8102776
2.022022,0.7215743,-0.3303253,-1.1347991,0.29940975,-0.80897963
2.032032,0.7245682,-0.3384468,-1.1296607,0.3034621,-0.807641
2.042042,0.72760254,-0.34655493,-1.1243865,0.30738527,-0.8062597
2.052052,0.73067576,-0.35464782,-1.1189774,0.31117964,-0.8048338
2.062062,0.73378694,-0.36272568,-1.1134304,0.31484625,-0.8033607
2.072072,0.73693496,-0.37078804,-1.1077446,0.3183856,-0.80183816
2.082082,0.74011827,-0.37883466,-1.1019181,0.32179776,-0.8002637
2.092092,0.74333656,-0.3868634,-1.0959506,0.32508376,-0.79863507
2.102102,0.7465885,-0.39487475,-1.0898404,0.32824463,-0.7969494
2.112112,0.74987245,-0.40286797,-1.0835868,0.33128157,-0.7952043
2.122122,0.7531884,-0.41084212,-1.0771879,0.3341939,-0.7933968
2.132132,0.75653374,-0.41879624,-1.0706422,0.3369841,-0.7915238
2.142142,0.75990885,-0.42673057,-1.0639492,0.3396526,-0.78958255
2.152152,0.7633121,-0.43464345,-1.0571071,0.3421998,-0.7875698
2.162162,0.7667424,-0.44253463,-1.0501137,0.34462717,-0.7854822
2.172172,0.7701988,-0.45040268,-1.0429697,0.34693554,-0.78331673
2.182182,0.7736801,-0.4582476,-1.0356721,0.34912598,-0.7810696
2.192192,0.7771848,-0.46606773,-1.0282198,0.35119915,-0.77873725
2.2022023,0.7807122,-0.47386307,-1.0206127,0.35315636,-0.77631605
2.2122123,0.7842616,-0.4816317,-1.0128483,0.35499805,-0.77380216
2.2222223,0.787831,-0.4893729,-1.0049258,0.35672596,-0.7711916
2.2322323,0.7914202,-0.49708527,-0.9968446,0.3583393,-0.7684804
2.2422423,0.795027,-0.50476927,-0.98860186,0.3598405,-0.765664
2.2522523,0.7986513,-0.5124225,-0.9801979,0.36122948,-0.7627383
2.2622623,0.80229133,-0.52004474,-0.9716312,0.362507,-0.75969857
2.2722723,0.80594546,-0.52763337,-0.9629003,0.3636737,-0.7565406
2.2822824,0.8096135,-0.5351886,-0.9540044,0.36472988,-0.7532591
2.2922924,0.81329405,-0.5427093,-0.9449424,0.3656756,-0.74984926
2.3023024,0.81698495,-0.5501928,-0.9357131,0.36651093,-0.7463063
2.3123124,0.8206857,-0.5576386,-0.9263157,0.36723578,-0.74262464
2.3223224,0.82439524,-0.5650465,-0.91674984,0.36785117,-0.73879904
2.3323324,0.8281114,-0.5724117,-0.9070141,0.36835447,-0.73482436
2.3423424,0.8318335,-0.57973665,-0.8971082,0.36874583,-0.73069453
2.3523524,0.8355597,-0.58701795,-0.88703,0.36902457,-0.72640383
2.3623624,0.839289,-0.5942535,-0.8767807,0.3691884,-0.7219467
2.3723724,0.84302,-0.6014425,-0.8663586,0.36923665,-0.7173169
2.3823824,0.8467509,-0.6085834,-0.85576427,0.36916658,-0.71250886
2.3923924,0.85048074,-0.6156747,-0.84499687,0.36897582,-0.70751584
2.4024024,0.854207,-0.62271327,-0.83405495,0.3686609,-0.70233184
2.4124124,0.8579293,-0.62969893,-0.82293975,0.36821973,-0.6969503
2.4224224,0.86164516,-0.6366283,-0.81165075,0.36764756,-0.69136566
2.4324324,0.8653533,-0.64350027,-0.8001876,0.36694044,-0.6855709
2.4424424,0.869052,-0.6503133,-0.7885518,0.36609343,-0.6795602
2.4524524,0.87273955,-0.65706414,-0.776741,0.36510104,-0.67332655
2.4624624,0.8764145,-0.6637513,-0.7647578,0.36395818,-0.6668644
2.4724724,0.8800743,-0.6703729,-0.75260216,0.36265773,-0.6601675
2.4824824,0.88371843,-0.6769261,-0.74027413,0.36119297,-0.65322953
2.4924924,0.8873432,-0.68340915,-0.72777426,0.3595568,-0.64604485
2.5025024,0.8909483,-0.68981975,-0.71510386,0.3577417,-0.63860744
2.5125124,0.8945311,-0.69615525,-0.70226383,0.35573947,-0.6309123
2.5225224,0.8980896,-0.7024135,-0.6892551,0.3535415,-0.62295413
2.5325325,0.90162224,-0.7085909,-0.6760796,0.3511389,-0.61472845
2.5425425,0.9051262,-0.71468633,-0.6627372,0.34852287,-0.6062299
2.5525525,0.90860015,-0.7206966,-0.6492306,0.34568453,-0.59745497
2.5625625,0.9120411,-0.7266187,-0.63556117,0.34261566,-0.5884001
2.5725725,0.9154478,-0.73245114,-0.62172973,0.33930644,-0.57906115
2.5825825,0.9188177,-0.7381894,-0.6077394,0.33574918,-0.5694366
2.5925925,0.9221484,-0.74383205,-0.5935921,0.3319362,-0.5595237
2.6026027,0.9254384,-0.7493767,-0.5792897,0.3278594,-0.54932064
2.6126127,0.9286842,-0.7548184,-0.5648349,0.3235132,-0.5388271
2.6226227,0.931884,-0.7601566,-0.5502292,0.31889117,-0.5280415
2.6326327,0.9350357,-0.76538724,-0.53547674,0.31398922,-0.51696515
2.6426427,0.93813723,-0.7705068,-0.52057904,0.30880398,-0.5055981
2.6526527,0.9411857,-0.7755138,-0.5055386,0.30333254,-0.4939411
2.6626627,0.944179,-0.7804045,-0.49035993,0.2975755,-0.4819973
2.6726727,0.9471144,-0.785176,-0.47504616,0.29153317,-0.46976903
2.6826828,0.94998974,-0.78982514,-0.4595991,0.2852079,-0.45725843
2.6926928,0.9528028,-0.7943501,-0.44402283,0.27860343,-0.44446903
2.7027028,0.9555511,-0.79874605,-0.42832118,0.27172524,-0.43140548
2.7127128,0.958232,-0.8030115,-0.4124972,0.26458022,-0.41807133
2.7227228,0.9608435,-0.8071421,-0.3965552,0.2571765,-0.404472
2.7327328,0.96338314,-0.81113726,-0.38049865,0.24952333,-0.3906115
2.7427428,0.9658485,-0.81499094,-0.3643321,0.24163148,-0.37649637
2.7527528,0.96823734,-0.81870276,-0.34805954,0.23351286,-0.3621312
2.7627628,0.97054714,-0.82226914,-0.33168417,0.22517827,-0.34752104
2.7727728,0.9727765,-0.82568663,-0.3152113,0.2166413,-0.33267227
2.7827828,0.97492224,-0.82895356,-0.2986447,0.20791383,-0.3175899
2.7927928,0.97698253,-0.8320678,-0.2819893,0.19900927,-0.3022799
2.8028028,0.97895545,-0.8350243,-0.2652487,0.18993947,-0.2867474
2.8128128,0.9808386,-0.8378226,-0.24842848,0.18071726,-0.27099845
2.8228228,0.98262995,-0.84045964,-0.23153232,0.17135291,-0.25503778
2.8328328,0.98432827,-0.8429331,-0.214566,0.16185741,-0.23887177
2.8428428,0.9859306,-0.8452404,-0.19753368,0.15224092,-0.22250517
2.8528528,0.9874365,-0.8473802,-0.18043993,0.14250964,-0.20594312
2.8628628,0.9888427,-0.84934884,-0.16328947,0.13267232,-0.18919094
2.8728728,0.9901488,-0.8511457,-0.14608829,0.12273392,-0.17225522
2.8828828,0.99135226,-0.85276884,-0.12883972,0.11269783,-0.15513997
2.8928928,0.99245274,-0.8542152,-0.11154992,0.102567986,-0.1378526
2.9029028,0.9934481,-0.8554855,-0.09422255,0.09234586,-0.120397896
2.9129128,0.99433726,-0.8565754,-0.07686443,0.08203243,-0.102784544
2.9229228,0.9951188,-0.85748595,-0.059479304,0.07162701,-0.08501852
2.9329329,0.99579203,-0.8582147,-0.042071886,0.061128795,-0.06710748
2.9429429,0.9963561,-0.8587592,-0.024648556,0.05053741,-0.049061507
2.9529529,0.9968098,-0.85912174,-0.0072130356,0.03985066,-0.030888721
2.9629629,0.9971526,-0.8592997,0.010229072,0.029068837,-0.0126001
2.9729729,0.997384,-0.8592927,0.027673056,0.018190455,0.005793268
2.9829829,0.99750346,-0.85910016,0.045114182,0.0072170026,0.024279412
2.9929929,0.9975102,-0.85872144,0.062546484,-0.0038466963,0.04284401
3.0030031,0.99740463,-0.8581564,0.07996609,-0.014998079,0.06147381
3.0130131,0.9971865,-0.8574056,0.09736698,-0.02622702,0.08015238
3.0230231,0.99685544,-0.856468,0.11474555,-0.037524763,0.09886491
3.0330331,0.9964121,-0.8553454,0.132095,-0.048875224,0.117592
3.0430431,0.9958564,-0.8540365,0.14941238,-0.060262434,0.13631772
3.0530531,0.99518883,-0.852544,0.16669191,-0.07166496,0.15502192
3.0630631,0.9944103,-0.8508679,0.18392839,-0.08305759,0.17368467
3.0730731,0.99352103,-0.8490078,0.20111899,-0.094415195,0.19228801
3.0830832,0.99252146,-0.84696597,0.21825622,-0.105706446,0.21080814
3.0930932,0.9914138,-0.8447438,0.2353376,-0.11690215,0.229226
3.1031032,0.990197,-0.8423411,0.25235748,-0.1279718,0.24751964
3.1131132,0.988874,-0.83976203,0.26931128,-0.13888408,0.2656668
3.1231232,0.9874454,-0.8370053,0.28619424,-0.14961176,0.2836463
3.1331332,0.98591304,-0.8340755,0.30300286,-0.16013011,0.30143708
3.1431432,0.9842773,-0.830972,0.31973144,-0.1704171,0.31901726
3.1531532,0.98254126,-0.8276991,0.3363765,-0.18045676,0.33636636
3.1631632,0.9807059,-0.8242577,0.35293338,-0.19023672,0.35346437
3.1731732,0.9787722,-0.8206505,0.36939675,-0.1997514,0.37029094
3.1831832,0.9767434,-0.81687874,0.3857643,-0.20899828,0.38682956
3.1931932,0.9746209,-0.8129472,0.40203127,-0.21798013,0.40306225
3.2032032,0.9724066,-0.8088563,0.41819257,-0.22670202,0.41897285
3.2132132,0.9701031,-0.8046102,0.4342451,-0.23517254,0.43454748
3.2232232,0.96771204,-0.80021113,0.45018446,-0.24340105,0.44977382
3.2332332,0.96523637,-0.79566175,0.46600845,-0.2513974,0.46464264
3.2432432,0.962678,-0.79096586,0.48171046,-0.25917086,0.47914296
3.2532532,0.96004003,-0.78612584,0.4972888,-0.2667288,0.49327025
3.2632632,0.95732385,-0.78114456,0.51273924,-0.27407736,0.50702
3.2732732,0.95453316,-0.77602535,0.52805847,-0.28121927,0.5203899
3.2832832,0.9516701,-0.7707718,0.543243,-0.28815585,0.53338
3.2932932,0.9487371,-0.7653869,0.5582891,-0.29488465,0.54599154
3.3033032,0.9457374,-0.75987417,0.5731943,-0.30140123,0.55822885
3.3133132,0.94267285,-0.7542353,0.5879554,-0.30770054,0.5700972
3.3233232,0.9395469,-0.74847525,0.60256886,-0.31377262,0.5816026
3.3333333,0.9363627,-0.7425979,0.61703116,-0.31960982,0.5927517
3.3433433,0.9331221,-0.7366043,0.63134176,-0.32520255,0.6035556
3.3533533,0.9298282,-0.73049945,0.64549536,-0.3305401,0.6140211
3.3633633,0.9264842,-0.72428674,0.65949136,-0.3356132,0.6241592
3.3733733,0.9230924,-0.7179684,0.6733261,-0.34041363,0.63397956
3.3833833,0.91965586,-0.71154815,0.6869983,-0.34493372,0.64349276
3.3933933,0.91617745,-0.70502967,0.7005051,-0.3491656,0.6527081
3.4034035,0.91265994,-0.6984156,0.71384364,-0.35310572,0.6616355
3.4134135,0.9091063,-0.6917091,0.72701246,-0.35674843,0.6702844
3.4234235,0.90551895,-0.68491393,0.7400114,-0.3600933,0.67866474
3.4334335,0.90190107,-0.6780327,0.7528359,-0.36313796,0.6867841
3.4434435,0.89825493,-0.67106813,0.76548594,-0.36588392,0.69465137
3.4534535,0.8945834,-0.6640244,0.7779606,-0.3683327,0.70227414
3.4634635,0.8908897,-0.65690356,0.7902574,-0.37048697,0.7096594
3.4734735,0.8871757,-0.64970833,0.80237526,-0.37235093,0.71681374
3.4834836,0.88344413,-0.64244074,0.8143138,-0.37392947,0.72374415
3.4934936,0.87969786,-0.635106,0.82607126,-0.3752276,0.7304553
3.5035036,0.87593967,-0.6277048,0.8376474,-0.3762522,0.736953
3.5135136,0.87217176,-0.6202397,0.84904045,-0.37700891,0.74324244
3.5235236,0.8683965,-0.61271435,0.860251,-0.3775049,0.749328
3.5335336,0.8646168,-0.60513145,0.8712783,-0.37774703,0.75521415
3.5435436,0.8608339,-0.59749156,0.8821215,-0.37774238,0.76090544
3.5535536,0.8570518,-0.5897986,0.8927806,-0.37749898,0.7664054
3.5635636,0.8532719,-0.58205384,0.9032555,-0.37702274,0.7717181
3.5735736,0.8494962,-0.5742603,0.91354585,-0.3763212,0.77684736
3.5835836,0.8457276,-0.56641835,0.92365247,-0.37540063,0.7817971
3.5935936,0.84196824,-0.5585341,0.9335752,-0.37426823,0.7865703
3.6036036,0.83821934,-0.5506045,0.94331425,-0.3729295,0.79117167
3.6136136,0.83448386,-0.5426348,0.9528691,-0.37139058,0.7956037
3.6236236,0.83076376,-0.53462404,0.96224236,-0.3696573,0.7998715
3.6336336,0.82706064,-0.5265772,0.971433,-0.36773524,0.8039776
3.6436436,0.823377,-0.5184936,0.9804419,-0.36562926,0.8079266
3.6536536,0.81971425,-0.5103753,0.98927027,-0.36334416,0.81172234
3.6636636,0.8160746,-0.50222427,0.99791867,-0.36088455,0.8153684
3.6736736,0.81246006,-0.4940421,1.0063876,-0.35825473,0.8188692
3.6836836,0.8088718,-0.48582846,1.0146793,-0.35545832,0.822229
3.6936936,0.80531174,-0.47758752,1.0227932,-0.35249957,0.8254513
3.7037036,0.8017824,-0.4693175,1.0307316,-0.34938064,0.82854104
3.7137136,0.7982844,-0.46102268,1.0384957,-0.34610677,0.83150196
3.7237236,0.79482,-0.45270222,1.0460862,-0.3426802,0.83433855
3.7337337,0.79139036,-0.44435734,1.0535041,-0.3391033,0.837055
3.7437437,0.78799766,-0.43598932,1.060752,-0.33537868,0.83965564
3.7537537,0.7846425,-0.42759866,1.0678304,-0.33150944,0.84214467
3.7637637,0.78132755,-0.41918784,1.0747402,-0.3274988,0.84452605
3.7737737,0.77805346,-0.41075557,1.081484,-0.32334688,0.8468042
3.7837837,0.7748219,-0.4023046,1.0880637,-0.31905833,0.848983
3.7937937,0.77163386,-0.393835,1.0944793,-0.31463405,0.85106647
3.803804,0.7684917,-0.38534683,1.1007333,-0.31007636,0.8530584
3.813814,0.7653955,-0.37684208,1.1068274,-0.3053876,0.85496277
3.823824,0.7623477,-0.3683204,1.1127621,-0.30056924,0.8567825
3.833834,0.75934887,-0.35978287,1.1185402,-0.29562384,0.8585219
3.843844,0.75640076,-0.35123044,1.1241626,-0.29055402,0.8601839
3.853854,0.75350416,-0.3426624,1.1296318,-0.28536052,0.8617719
3.863864,0.7506603,-0.3340804,1.1349483,-0.28004548,0.86328876
3.873874,0.7478707,-0.32548505,1.1401147,-0.27461186,0.8647377
3.883884,0.7451361,-0.31687695,1.1451318,-0.269062,0.8661212
3.893894,0.7424578,-0.30825418,1.1500016,-0.2633959,0.8674423
3.903904,0.7398369,-0.29962045,1.1547261,-0.25761834,0.8687033
3.913914,0.73727477,-0.2909748,1.1593059,-0.25172967,0.8699067
3.923924,0.7347715,-0.28231686,1.1637436,-0.24573247,0.8710549
3.933934,0.7323294,-0.2736495,1.1680397,-0.23963068,0.8721496
3.943944,0.7299484,-0.26497024,1.1721967,-0.23342416,0.87319326
3.953954,0.7276301,-0.25628024,1.1762154,-0.22711596,0.87418777
3.963964,0.72537524,-0.24758047,1.1800972,-0.22070912,0.87513477
3.973974,0.723185,-0.23887056,1.1838446,-0.21420541,0.87603635
3.983984,0.72105986,-0.2301516,1.1874577,-0.20760772,0.87689364
3.993994,0.7190006,-0.22142309,1.1909381,-0.2009184,0.87770855
4.004004,0.7170089,-0.21268553,1.1942872,-0.19413991,0.87848234
4.0140142,0.71508473,-0.20393938,1.1975067,-0.18727434,0.8792165
4.024024,0.71322936,-0.19518536,1.2005969,-0.18032548,0.8799121
4.0340343,0.7114433,-0.18642253,1.2035599,-0.17329465,0.8805708
4.044044,0.7097279,-0.17765206,1.2063961,-0.16618544,0.8811934
4.0540543,0.7080834,-0.16887325,1.2091073,-0.15899909,0.88178116
4.064064,0.70651037,-0.160088,1.2116934,-0.15174036,0.88233495
4.0740743,0.7050101,-0.15129417,1.2141567,-0.14440973,0.8828559
4.084084,0.7035824,-0.14249486,1.2164967,-0.13701221,0.8833448
4.0940943,0.7022288,-0.13368839,1.2187151,-0.12954928,0.8838028
4.104104,0.7009495,-0.12487502,1.2208129,-0.12202268,0.8842303
4.1141143,0.69974524,-0.1160552,1.2227905,-0.11443663,0.8846284
4.124124,0.6986165,-0.107230134,1.2246484,-0.10679375,0.88499767
4.1341343,0.6975637,-0.09839863,1.2263867,-0.0990963,0.8853387
4.144144,0.69658804,-0.08956141,1.2280071,-0.09134708,0.88565236
4.1541543,0.69568914,-0.08071799,1.2295089,-0.083548196,0.885939
4.164164,0.69486797,-0.07187075,1.230894,-0.075704806,0.8861993
4.1741743,0.6941249,-0.06301827,1.2321618,-0.06781817,0.8864337
4.184184,0.6934605,-0.054161496,1.2333124,-0.05989127,0.8866425
4.1941943,0.6928745,-0.045298524,1.2343465,-0.05192505,0.8868264
4.204204,0.69236815,-0.03643269,1.2352645,-0.04392565,0.8869855
4.2142143,0.69194144,-0.027563043,1.2360659,-0.03589486,0.88712007
4.224224,0.6915949,-0.018689342,1.2367507,-0.02783518,0.88723063
4.2342343,0.6913283,-0.009811826,1.23732,-0.019748634,0.8873172
4.244244,0.69114286,-0.0009324029,1.2377721,-0.011641239,0.88737994
4.2542543,0.6910376,0.007951073,1.238108,-0.0035119236,0.88741916
4.264264,0.6910135,0.016836457,1.2383276,0.0046330583,0.8874345
4.2742743,0.69107074,0.025724702,1.2384307,0.012792396,0.8874264
4.284284,0.69120914,0.034614854,1.2384157,0.020962695,0.88739467
4.2942944,0.69142914,0.043506436,1.2382835,0.029139962,0.88733906
4.304304,0.69173044,0.05239945,1.2380333,0.037321813,0.8872594
4.3143144,0.6921138,0.061294608,1.2376647,0.045506112,0.8871559
4.324324,0.692579,0.07018881,1.2371773,0.053686775,0.8870277
4.3343344,0.69312495,0.07908373,1.2365699,0.061862554,0.8868747
4.344344,0.6937532,0.087978415,1.2358427,0.07002916,0.88669646
4.3543544,0.69446313,0.09687429,1.2349944,0.07818528,0.8864926
4.364364,0.6952538,0.10576778,1.234025,0.08632466,0.8862625
4.3743744,0.69612646,0.11466127,1.232933,0.09444552,0.8860053
4.384384,0.6970802,0.1235519,1.2317176,0.10254237,0.88572055
4.3943944,0.6981148,0.13244206,1.2303787,0.1106148,0.8854072
4.4044046,0.69923,0.14132887,1.2289141,0.11865577,0.8850647
4.4144144,0.7004257,0.15021259,1.2273242,0.12666309,0.88469195
4.4244246,0.70170164,0.1590932,1.225607,0.13463259,0.8842876
4.4344344,0.7030572,0.16797024,1.2237629,0.14256115,0.8838508
4.4444447,0.7044924,0.17684335,1.2217889,0.15044422,0.88338023
4.4544544,0.7060062,0.18571085,1.2196854,0.15827665,0.88287455
4.4644647,0.7075986,0.19457358,1.2174512,0.16605583,0.88233227
4.4744744,0.70926917,0.20343012,1.215084,0.1737771,0.88175166
4.4844847,0.71101683,0.21228081,1.2125834,0.18143612,0.8811313
4.4944944,0.71284145,0.22112364,1.2099489,0.18902753,0.88046944
4.5045047,0.71474254,0.22995967,1.2071778,0.19654855,0.87976384
4.5145144,0.7167185,0.23878759,1.2042702,0.20399426,0.87901264
4.5245247,0.7187695,0.24760693,1.2012241,0.21135984,0.8782139
4.5345345,0.72089404,0.25641626,1.1980389,0.21864055,0.87736493
4.5445447,0.72309244,0.26521486,1.1947122,0.2258306,0.87646365
4.5545545,0.72536284,0.27400368,1.1912438,0.23292767,0.8755075
4.5645647,0.72770375,0.28278095,1.1876327,0.23992573,0.8744937
4.5745745,0.7301159,0.29154605,1.1838764,0.24682026,0.87341946
4.5845847,0.7325969,0.30029768,1.1799738,0.25360483,0.87228197
4.5945945,0.735146,0.30903643,1.1759249,0.2602772,0.8710782
4.6046047,0.7377625,0.31776053,1.1717267,0.2668304,0.8698047
4.6146145,0.7404449,0.32646912,1.1673793,0.27326027,0.8684585
4.6246247,0.74319166,0.3351621,1.1628808,0.2795615,0.8670357
4.6346345,0.7460018,0.34383768,1.1582297,0.285729,0.8655331
4.6446447,0.7488743,0.35249513,1.1534251,0.2917568,0.86394686
4.6546545,0.7518069,0.36113483,1.1484665,0.2976422,0.86227316
4.6646647,0.7547989,0.3697546,1.1433504,0.3033781,0.86050767
4.6746745,0.7578486,0.3783533,1.1380785,0.30895945,0.858647
4.6846848,0.76095384,0.3869316,1.1326485,0.3143831,0.8566865
4.6946945,0.76411384,0.39548618,1.1270578,0.3196409,0.8546218
4.7047048,0.76732653,0.40401822,1.1213076,0.3247303,0.8524489
4.7147145,0.77058977,0.41252548,1.1153952,0.3296453,0.8501631
4.724725,0.7739026,0.42100674,1.1093204,0.3343798,0.84776026
4.7347345,0.7772625,0.4294619,1.1030818,0.33893055,0.84523535
4.744745,0.7806679,0.43788856,1.0966786,0.34329093,0.8425843
4.7547545,0.78411645,0.4462872,1.0901092,0.34745714,0.8398021
4.764765,0.78760654,0.45465523,1.0833737,0.3514233,0.8368845
4.7747746,0.7911357,0.46299225,1.0764712,0.35518584,0.833827
4.784785,0.794702,0.47129756,1.0693997,0.35873872,0.8306251
4.7947946,0.7983033,0.47956806,1.0621597,0.36207673,0.8272746
4.804805,0.8019371,0.4878046,1.0547502,0.3651965,0.82377136
4.814815,0.8056018,0.49600464,1.0471693,0.36809212,0.82011116
4.824825,0.80929375,0.5041664,1.0394187,0.37075892,0.81629074
4.834835,0.8130118,0.5122897,1.031495,0.37319243,0.81230575
4.844845,0.8167529,0.5203729,1.0233997,0.3753892,0.8081536
4.854855,0.8205146,0.5284148,1.0151317,0.37734464,0.803831
4.864865,0.8242943,0.5364135,1.0066916,0.37905395,0.79933566
4.874875,0.8280899,0.5443675,0.9980767,0.38051248,0.7946646
4.884885,0.83189815,0.5522756,0.9892888,0.38171723,0.7898169
4.894895,0.835717,0.56013674,0.9803263,0.38266423,0.78479046
4.904905,0.83954287,0.5679485,0.9711905,0.38334998,0.7795849
4.914915,0.8433742,0.57571,0.9618798,0.38377044,0.7741991
4.924925,0.84720737,0.5834194,0.9523948,0.38392237,0.7686332
4.934935,0.8510402,0.5910757,0.94273514,0.3838035,0.7628876
4.944945,0.8548692,0.59867674,0.9329019,0.38341045,0.7569634
4.954955,0.8586922,0.60622174,0.92289346,0.38274097,0.75086075
4.964965,0.86250603,0.6137075,0.91271144,0.38179144,0.74458283
4.974975,0.86630815,0.6211327,0.9023549,0.3805608,0.7381306
4.984985,0.8700952,0.6284974,0.89182633,0.37904793,0.7315069
4.994995,0.87386507,0.63579816,0.8811231,0.37724963,0.7247136
5.005005,0.8776135,0.64303356,0.87024856,0.3751663,0.71775424
5.015015,0.8813396,0.65020305,0.8592008,0.37279597,0.7106304
5.025025,0.8850388,0.65730244,0.8479821,0.3701382,0.7033463
5.035035,0.88870937,0.66433305,0.8365923,0.36719352,0.6959035
5.045045,0.8923479,0.6712906,0.82503283,0.3639618,0.6883057
5.055055,0.89595175,0.67817456,0.8133038,0.3604431,0.6805544
5.065065,0.8995181,0.6849821,0.80140626,0.35663864,0.6726521
5.075075,0.90304404,0.6917127,0.78934085,0.35255003,0.66460013
5.085085,0.9065276,0.6983637,0.7771099,0.34818,0.6564005
5.095095,0.90996504,0.70493394,0.7647127,0.3435301,0.6480528
5.105105,0.91335434,0.7114207,0.7521531,0.33860388,0.63955903
5.115115,0.91669255,0.717822,0.7394295,0.333404,0.6309173
5.125125,0.91997725,0.72413677,0.7265454,0.32793555,0.6221274
5.135135,0.92320627,0.73036295,0.7135007,0.32220247,0.61318725
5.145145,0.9263763,0.7364972,0.7002983,0.31621003,0.6040955
5.155155,0.9294862,0.7425409,0.6869388,0.30996493,0.59484833
5.165165,0.9325325,0.7484881,0.6734254,0.30347306,0.58544385
5.175175,0.9355136,0.75433964,0.65975827,0.29674158,0.5758769
5.185185,0.938427,0.7600922,0.6459401,0.2897788,0.56614417
5.195195,0.94127035,0.7657451,0.6319732,0.28259304,0.55624056
5.2052054,0.94404215,0.7712948,0.6178587,0.2751933,0.5461613
5.215215,0.9467398,0.7767405,0.6036011,0.26759017,0.5359022
5.2252254,0.94936234,0.78207964,0.5891996,0.25979215,0.52545667
5.235235,0.951907,0.78730994,0.5746597,0.25181195,0.5148211
5.2452455,0.95437294,0.7924308,0.5599813,0.24366017,0.5039889
5.255255,0.9567576,0.79743856,0.5451698,0.23534863,0.4929573
5.2652655,0.95906013,0.80233246,0.5302251,0.22688967,0.4817197
5.275275,0.961279,0.80710965,0.5151522,0.21829501,0.47027358
5.2852855,0.9634128,0.8117694,0.4999524,0.20957781,0.45861408
5.2952952,0.9654601,0.8163083,0.4846308,0.20075113,0.44674015
5.3053055,0.96742004,0.8207244,0.46918908,0.19182664,0.4346482
5.3153152,0.9692916,0.8250167,0.4536309,0.1828175,0.42233709
5.3253255,0.9710735,0.8291835,0.43795928,0.17373605,0.40980554
5.3353353,0.97276527,0.8332216,0.42217913,0.16459474,0.39705497
5.3453455,0.9743663,0.83713,0.40629134,0.15540427,0.3840842
5.3553553,0.9758752,0.8409068,0.39030352,0.14617777,0.37089804
5.3653655,0.9772922,0.84454936,0.3742157,0.136924,0.35749602
5.3753753,0.97861654,0.84805626,0.35803452,0.12765549,0.34388378
5.3853855,0.9798483,0.8514251,0.3417618,0.11837985,0.3300636
5.3953953,0.98098654,0.85465497,0.3254039,0.10910868,0.31604207
5.4054055,0.9820319,0.8577439,0.30896243,0.099848345,0.30182254
5.4154153,0.98298377,0.86068934,0.2924442,0.0906088,0.2874131
5.4254255,0.9838423,0.863491,0.27585182,0.08139689,0.2728186
5.4354353,0.98460793,0.86614496,0.2591904,0.07221924,0.2580465
5.4454455,0.9852813,0.86865145,0.24246414,0.06308281,0.24310353
5.4554553,0.98586124,0.871008,0.22567876,0.05399486,0.2279982
5.4654655,0.98635,0.8732136,0.20883699,0.04496011,0.21273619
5.4754753,0.9867472,0.87526613,0.19194503,0.035984274,0.19732653
5.4854856,0.9870532,0.87716395,0.17500599,0.02707283,0.18177542
5.4954953,0.98726916,0.8789064,0.15802749,0.018231617,0.16609319
5.5055056,0.9873961,0.8804911,0.1410106,0.009464089,0.15028402
5.5155153,0.9874343,0.88191825,0.12396356,0.0007787056,0.13435887
5.5255256,0.987385,0.8831852,0.10688933,-0.007823104,0.11832364
5.5355353,0.9872491,0.88429147,0.089793645,-0.01633443,0.1021867
5.5455456,0.98702747,0.885235,0.072680436,-0.024751399,0.0859548
5.5555553,0.98672163,0.88601655,0.05555602,-0.033067044,0.06963716
5.5655656,0.9863327,0.88663346,0.038424216,-0.041277792,0.053240187
5.5755754,0.9858614,0.88708574,0.021290263,-0.04937777,0.03677216
5.5855856,0.9853094,0.88737255,0.004159292,-0.057362244,0.020240888
5.5955954,0.98467845,0.8874926,-0.012964884,-0.065225646,0.0036532732
5.6056056,0.98396903,0.8874462,-0.030075708,-0.07296244,-0.012981112
5.615616,0.9831835,0.887232,-0.0471702,-0.08056851,-0.029656403
5.6256256,0.98232275,0.88684994,-0.06424061,-0.08803671,-0.046361454
5.635636,0.98138875,0.8862998,-0.081286944,-0.095364116,-0.063093014
5.6456456,0.98038274,0.8855818,-0.0982993,-0.102543235,-0.07983782
5.655656,0.97930634,0.88469404,-0.11527685,-0.10957182,-0.096591845
5.6656656,0.9781611,0.8836393,-0.13221256,-0.11644342,-0.11334398
5.675676,0.97694886,0.8824149,-0.14910476,-0.1231551,-0.13008954
5.6856856,0.97567123,0.8810229,-0.16594581,-0.12970187,-0.14681673
5.695696,0.97432977,0.8794622,-0.18273358,-0.13608027,-0.16352
5.7057056,0.9729263,0.8777341,-0.1994633,-0.14228775,-0.18019028
5.715716,0.9714624,0.87583965,-0.21613042,-0.14831984,-0.19681877
5.7257257,0.9699399,0.8737783,-0.23273067,-0.1541756,-0.21339718
5.735736,0.9683606,0.87155133,-0.24926035,-0.15985249,-0.22991717
5.7457457,0.9667263,0.8691599,-0.26571587,-0.16534899,-0.24637024
5.755756,0.96503884,0.8666044,-0.2820932,-0.17066386,-0.26274747
5.7657657,0.9632996,0.86388594,-0.29838768,-0.17579669,-0.27903858
5.775776,0.96151036,0.8610063,-0.314598,-0.18074706,-0.29523644
5.7857857,0.9596733,0.85796505,-0.3307183,-0.18551487,-0.31132928
5.795796,0.9577901,0.85476595,-0.34674564,-0.1900995,-0.32730702
5.8058057,0.955862,0.8514089,-0.3626767,-0.1945022,-0.34315953
5.815816,0.9538916,0.8478964,-0.37850997,-0.19872409,-0.35887736
5.8258257,0.9518797,0.8442295,-0.39423916,-0.20276545,-0.3744465
5.835836,0.9498282,0.8404102,-0.40986475,-0.20662755,-0.3898585
5.8458457,0.94773996,0.83644,-0.42538032,-0.2103108,-0.4050985
5.855856,0.94561535,0.8323217,-0.44078597,-0.21381733,-0.42015648
5.8658657,0.9434568,0.8280557,-0.4560775,-0.21714751,-0.43501922
5.875876,0.9412661,0.8236459,-0.4712529,-0.22030394,-0.44967386
5.8858857,0.9390441,0.81909424,-0.48630843,-0.2232874,-0.4641066
5.895896,0.9367935,0.81440216,-0.5012429,-0.22610071,-0.47830594
5.9059057,0.93451554,0.8095724,-0.516053,-0.22874539,-0.49225786
5.915916,0.93221146,0.80460733,-0.530738,-0.23122378,-0.5059513
5.9259257,0.9298833,0.7995098,-0.54529417,-0.23353902,-0.5193721
5.935936,0.927533,0.7942814,-0.5597203,-0.23569326,-0.5325097
5.9459457,0.9251614,0.78892606,-0.5740135,-0.23769005,-0.5453513
5.955956,0.9227708,0.7834464,-0.5881742,-0.23953183,-0.55788827
5.9659657,0.9203622,0.77784353,-0.60219723,-0.2412229,-0.5701086
5.975976,0.9179369,0.77212065,-0.61608255,-0.24276593,-0.5820047
5.9859858,0.91549736,0.7662813,-0.6298292,-0.24416411,-0.59356904
5.995996,0.9130451,0.7603285,-0.6434348,-0.24542055,-0.60479444
6.0060062,0.9105807,0.7542638,-0.65689856,-0.24653846,-0.6156763
6.016016,0.9081057,0.74809176,-0.6702174,-0.24752054,-0.6262091
6.0260262,0.9056224,0.7418136,-0.6833915,-0.2483695,-0.6363915
6.036036,0.90313154,0.73543364,-0.69641864,-0.24908702,-0.64622134
6.0460463,0.9006343,0.7289538,-0.70929843,-0.24967544,-0.6556992
6.056056,0.8981331,0.72237724,-0.7220286,-0.25013605,-0.6648259
6.0660663,0.8956286,0.71570605,-0.7346101,-0.2504708,-0.67360544
6.076076,0.8931219,0.7089451,-0.74703914,-0.25068015,-0.68203926
6.0860863,0.8906148,0.70209605,-0.75931674,-0.25076446,-0.6901339
6.096096,0.8881087,0.6951615,-0.77144176,-0.25072563,-0.6978954
6.1061063,0.8856044,0.68814427,-0.783413,-0.25056243,-0.70533025
6.116116,0.8831032,0.6810486,-0.79522896,-0.2502765,-0.71244544
6.1261263,0.8806068,0.673876,-0.80689085,-0.2498677,-0.71925074
6.136136,0.8781161,0.66662914,-0.81839615,-0.24933665,-0.72575426
6.1461463,0.87563264,0.65931123,-0.82974494,-0.24868262,-0.73196596
6.156156,0.8731566,0.6519254,-0.8409367,-0.24790698,-0.73789555
6.1661663,0.87069035,0.64447397,-0.8519705,-0.24701048,-0.7435529
6.176176,0.8682346,0.6369589,-0.8628463,-0.24599315,-0.74894935
6.1861863,0.86579007,0.6293835,-0.87356395,-0.24485657,-0.7540951
6.196196,0.86335796,0.62175125,-0.8841217,-0.24360166,-0.7589999
6.2062063,0.86094004,0.61406285,-0.89452106,-0.24222943,-0.7636758
6.216216,0.8585362,0.6063222,-0.9047599,-0.2407429,-0.76813203
6.2262263,0.85614866,0.59853,-0.91484016,-0.23914196,-0.7723805
6.236236,0.8537773,0.5906901,-0.9247589,-0.2374302,-0.77642983
6.2462463,0.851424,0.5828044,-0.93451834,-0.23560917,-0.7802912
6.256256,0.84908897,0.5748752,-0.9441168,-0.23368213,-0.7839737
6.2662663,0.84677356,0.56690425,-0.9535552,-0.2316508,-0.7874873
6.276276,0.84447867,0.55889386,-0.9628332,-0.2295184,-0.7908412
6.2862864,0.8422052,0.5508457,-0.971951,-0.227288,-0.79404444
6.296296,0.83995354,0.54276234,-0.9809081,-0.2249626,-0.79710555
6.3063064,0.8377253,0.534646,-0.9897048,-0.2225454,-0.8000327
6.316316,0.8355207,0.52649635,-0.99834126,-0.22004008,-0.8028342
6.3263264,0.83334064,0.5183173,-1.0068169,-0.21744941,-0.8055179
6.336336,0.831186,0.51011044,-1.015133,-0.21477763,-0.8080907
6.3463464,0.82905734,0.5018762,-1.0232894,-0.21202704,-0.8105601
6.356356,0.8269556,0.493617,-1.0312861,-0.20920193,-0.8129328
6.3663664,0.8248814,0.48533326,-1.0391238,-0.2063047,-0.8152154
6.376376,0.8228355,0.4770276,-1.0468024,-0.20333976,-0.81741387
6.3863864,0.8208185,0.4687001,-1.0543222,-0.20030938,-0.8195342
6.396396,0.81883097,0.4603532,-1.0616841,-0.19721785,-0.8215822
6.4064064,0.8168733,0.45198733,-1.068887,-0.19406784,-0.8235626
6.4164166,0.8149465,0.4436044,-1.0759333,-0.19086283,-0.82548136
6.4264264,0.81305104,0.4352036,-1.0828222,-0.18760464,-0.8273428
6.4364367,0.8111871,0.4267879,-1.0895542,-0.18429759,-0.8291514
6.4464464,0.8093556,0.41835684,-1.0961294,-0.18094343,-0.8309119
6.4564567,0.8075573,0.40991205,-1.1025504,-0.1775456,-0.83262813
6.4664664,0.80579203,0.40145463,-1.1088146,-0.17410663,-0.83430403
6.4764767,0.80406064,0.39298338,-1.1149251,-0.17062838,-0.8359435
6.4864864,0.8023637,0.38450056,-1.120881,-0.16711369,-0.8375497
6.4964967,0.8007014,0.37600607,-1.1266828,-0.16356468,-0.83912617
6.5065064,0.79907423,0.3675018,-1.1323314,-0.15998441,-0.8406757
6.5165167,0.7974826,0.35898608,-1.1378279,-0.1563741,-0.8422015
6.5265265,0.7959267,0.35046047,-1.1431718,-0.15273532,-0.843706
6.5365367,0.79440737,0.34192485,-1.148365,-0.1490704,-0.8451923
6.5465465,0.79292434,0.3333804,-1.1534061,-0.145382,-0.8466622
6.5565567,0.7914782,0.32482547,-1.1582986,-0.14166996,-0.8481184
6.5665665,0.79006934,0.31626242,-1.1630405,-0.13793701,-0.84956276
6.5765767,0.7886984,0.3076902,-1.167634,-0.13418481,-0.8509976
6.5865865,0.7873646,0.29910892,-1.1720783,-0.13041392,-0.85242414
6.5965967,0.786069,0.29051846,-1.1763746,-0.12662664,-0.85384434
6.6066065,0.7848118,0.28191954,-1.1805242,-0.12282399,-0.85526025
6.6166167,0.7835931,0.2733118,-1.1845268,-0.11900645,-0.85667264
6.6266265,0.7824132,0.264695,-1.1883837,-0.11517646,-0.8580832
6.6366367,0.78127193,0.25606912,-1.1920949,-0.11133361,-0.859493
6.6466465,0.7801699,0.24743348,-1.1956614,-0.107480206,-0.8609037
6.6566567,0.77910703,0.23878855,-1.1990836,-0.1036168,-0.86231583
6.6666665,0.77808344,0.23013419,-1.2023615,-0.099744394,-0.8637303
6.6766768,0.7770997,0.22146934,-1.2054969,-0.09586294,-0.8651483
6.6866865,0.7761556,0.21279544,-1.2084888,-0.091975406,-0.8665702
6.6966968,0.7752511,0.20410997,-1.2113391,-0.08808049,-0.86799717
6.7067065,0.77438647,0.19541484,-1.2140474,-0.08418033,-0.86942947
6.716717,0.77356195,0.18670744,-1.2166146,-0.080275044,-0.87086797
6.7267265,0.7727775,0.1779899,-1.2190413,-0.076366246,-0.8723127
6.736737,0.77203274,0.16925997,-1.2213272,-0.0724537,-0.8737645
6.7467465,0.7713282,0.16051799,-1.2234737,-0.068539,-0.8752235
6.756757,0.77066404,0.15176386,-1.2254806,-0.064622164,-0.8766899
6.7667665,0.7700403,0.14299744,-1.227348,-0.060704786,-0.87816393
6.776777,0.7694564,0.13421625,-1.2290779,-0.056785803,-0.8796462
6.7867866,0.7689127,0.12542337,-1.2306683,-0.052868668,-0.881136
6.796797,0.7684091,0.11661606,-1.2321211,-0.048952244,-0.882634
6.806807,0.7679456,0.10779398,-1.2334355,-0.04503731,-0.8841399
6.816817,0.7675225,0.09895795,-1.2346128,-0.04112512,-0.8856537
6.826827,0.7671396,0.09010642,-1.2356535,-0.03721632,-0.8871754
6.836837,0.76679647,0.08124035,-1.2365563,-0.03331163,-0.88870436
6.846847,0.7664935,0.07235818,-1.2373227,-0.029411945,-0.8902409
6.856857,0.76623017,0.0634604,-1.2379515,-0.025517862,-0.89178425
6.866867,0.7660071,0.05454605,-1.2384442,-0.021629913,-0.8933341
6.876877,0.7658229,0.045615964,-1.2388005,-0.017749768,-0.89489
6.886887,0.76567924,0.036669306,-1.2390201,-0.0138772465,-0.8964514
6.896897,0.7655744,0.027704649,-1.2391034,-0.010014078,-0.8980182
6.906907,0.7655093,0.01872366,-1.2390503,-0.0061600227,-0.8995888
6.916917,0.7654834,0.009725384,-1.2388605,-0.0023167497,-0.9011629
6.926927,0.76549643,0.00070958585,-1.2385341,0.0015143714,-0.90273947
6.936937,0.7655489,-0.0083237365,-1.2380711,0.005333519,-0.90431774
6.946947,0.7656396,-0.017374702,-1.2374712,0.009139145,-0.9058963
6.956957,0.7657686,-0.026443072,-1.2367345,0.01293107,-0.90747416
6.966967,0.76593703,-0.035530396,-1.2358606,0.016707508,-0.9090499
6.976977,0.7661425,-0.04463405,-1.2348497,0.020467445,-0.9106219
6.986987,0.76638687,-0.053756423,-1.2337003,0.024210881,-0.9121885
6.996997,0.76666844,-0.06289596,-1.2324141,0.027935138,-0.91374826
7.007007,0.76698804,-0.0720535,-1.230989,0.031640567,-0.9152987
7.017017,0.76734436,-0.08122761,-1.2294257,0.035326164,-0.91683775
7.027027,0.7677386,-0.090419,-1.2277235,0.038990315,-0.9183632
7.037037,0.768169,-0.09962732,-1.2258822,0.042631593,-0.91987234
7.047047,0.7686364,-0.10885245,-1.2239004,0.046250176,-0.92136246
7.057057,0.7691398,-0.118093796,-1.221779,0.04984386,-0.9228305
7.067067,0.76967925,-0.12735158,-1.2195169,0.05341282,-0.92427325
7.077077,0.7702546,-0.13662368,-1.2171135,0.05695456,-0.9256869
7.087087,0.77086526,-0.14591211,-1.2145687,0.060468778,-0.92706823
7.097097,0.7715107,-0.15521377,-1.2118822,0.063954346,-0.9284126
7.107107,0.7721914,-0.16453022,-1.2090518,0.06740989,-0.92971605
7.117117,0.77290624,-0.17385906,-1.2060789,0.0708341,-0.9309738
7.127127,0.7736551,-0.18320137,-1.2029614,0.07422704,-0.9321813
7.137137,0.7744379,-0.19255513,-1.1996999,0.07758692,-0.93333334
7.147147,0.7752542,-0.20191997,-1.1962932,0.08091195,-0.93442446
7.157157,0.7761034,-0.2112953,-1.1927403,0.08420249,-0.93544877
7.167167,0.7769844,-0.22068018,-1.1890404,0.0874561,-0.93640083
7.177177,0.7778985,-0.23007268,-1.1851937,0.090672836,-0.93727416
7.187187,0.778844,-0.23947388,-1.1811988,0.09385115,-0.9380627
7.197197,0.779821,-0.24888068,-1.1770556,0.09698997,-0.9387597
7.207207,0.78082865,-0.25829333,-1.172763,0.100088075,-0.9393584
7.2172174,0.78186744,-0.2677105,-1.1683193,0.10314481,-0.93985194
7.227227,0.7829353,-0.27712995,-1.1637255,0.10615881,-0.9402331
7.2372375,0.7840331,-0.28655165,-1.1589804,0.10913012,-0.940495
7.247247,0.7851602,-0.29597348,-1.1540829,0.11205593,-0.9406299
7.2572575,0.7863155,-0.30539542,-1.1490319,0.11493682,-0.940631
7.267267,0.787499,-0.31481355,-1.1438276,0.11777083,-0.9404902
7.2772775,0.78871006,-0.32422918,-1.1384685,0.120557874,-0.9402005
7.287287,0.7899479,-0.33363932,-1.1329546,0.12329681,-0.93975484
7.2972975,0.79121256,-0.34304255,-1.1272839,0.12598586,-0.9391453
7.3073072,0.79250324,-0.3524372,-1.1214573,0.12862372,-0.9383649
7.3173175,0.7938191,-0.3618223,-1.1154734,0.13121136,-0.9374068
7.3273273,0.7951594,-0.37119538,-1.1093313,0.13374592,-0.93626356
7.3373375,0.796524,-0.38055545,-1.1030304,0.13622683,-0.93492866
7.3473473,0.79791254,-0.3898993,-1.096571,0.13865337,-0.9333956
7.3573575,0.79932386,-0.39922696,-1.0899507,0.14102368,-0.93165773
7.3673673,0.80075735,-0.4085341,-1.0831703,0.14333661,-0.9297093
7.3773775,0.8022128,-0.41782194,-1.0762287,0.14559175,-0.9275445
7.3873873,0.80368924,-0.42708582,-1.0691255,0.14778629,-0.9251578
7.3973975,0.80518574,-0.43632525,-1.0618608,0.1499201,-0.92254424
7.4074073,0.8067022,-0.4455369,-1.0544331,0.15199055,-0.9196992
7.4174175,0.80823797,-0.45472014,-1.0468425,0.15399781,-0.9166182
7.4274273,0.809792,-0.463871,-1.0390882,0.15593752,-0.91329753
7.4374375,0.81136364,-0.47298932,-1.0311699,0.15780924,-0.9097338
7.4474473,0.812952,-0.48207158,-1.0230883,0.15961103,-0.90592414
7.4574575,0.8145564,-0.49111563,-1.0148414,0.16134015,-0.9018658
7.4674673,0.8161765,-0.5001196,-1.0064299,0.16299435,-0.89755684
7.4774776,0.8178114,-0.5090807,-0.9978543,0.16457148,-0.8929962
7.4874873,0.81946,-0.5179965,-0.98911315,0.1660686,-0.8881822
7.4974976,0.82112217,-0.5268654,-0.98020667,0.16748331,-0.8831145
7.5075073,0.8227961,-0.5356843,-0.97113556,0.16881222,-0.87779325
7.5175176,0.8244819,-0.54445076,-0.9618987,0.17005284,-0.872218
7.5275273,0.8261786,-0.5531623,-0.9524972,0.17120144,-0.8663903
7.5375376,0.8278851,-0.5618175,-0.9429304,0.17225602,-0.86031014
7.5475473,0.8296004,-0.5704111,-0.9331998,0.1732121,-0.85398036
7.5575576,0.8313243,-0.5789444,-0.9233032,0.17406708,-0.8474003
7.5675673,0.8330559,-0.5874111,-0.9132435,0.17481752,-0.84057385
7.5775776,0.8347936,-0.5958117,-0.9030197,0.17546126,-0.83350146
7.5875874,0.8365374,-0.60414124,-0.89263237,0.17599404,-0.82618594
7.5975976,0.8382862,-0.6123991,-0.8820825,0.17641442,-0.81862897
7.607608,0.84003866,-0.62058073,-0.8713702,0.17671898,-0.81083274
7.6176176,0.8417941,-0.6286839,-0.8604962,0.17690603,-0.80279917
7.627628,0.8435521,-0.6367083,-0.84946096,0.17697346,-0.7945292
7.6376376,0.84531134,-0.6446477,-0.83826625,0.1769202,-0.7860261
7.647648,0.84707075,-0.6525023,-0.8269118,0.17674597,-0.7772896
7.6576576,0.8488299,-0.66026825,-0.8153995,0.17645027,-0.7683218
7.667668,0.8505877,-0.66794336,-0.8037298,0.17603336,-0.75912344
7.6776776,0.85234314,-0.6755236,-0.79190373,0.1754957,-0.7496953
7.687688,0.8540952,-0.6830089,-0.77992284,0.17484093,-0.74003696
7.6976976,0.85584325,-0.6903938,-0.7677886,0.17406934,-0.73015004
7.707708,0.85758626,-0.6976774,-0.755501,0.17318583,-0.7200328
7.7177176,0.85932344,-0.70485723,-0.7430642,0.17219408,-0.70968646
7.727728,0.8610535,-0.71192974,-0.73047626,0.17109838,-0.6991087
7.7377377,0.8627756,-0.7188924,-0.7177414,0.16990374,-0.6883006
7.747748,0.864489,-0.7257436,-0.70485926,0.16861653,-0.6772597
7.7577577,0.8661927,-0.73248017,-0.6918336,0.1672429,-0.6659867
7.767768,0.867886,-0.73909986,-0.67866474,0.16578896,-0.65447956
7.7777777,0.86956733,-0.7455993,-0.6653552,0.16426158,-0.6427383
7.787788,0.87123686,-0.7519776,-0.65190595,0.162668,-0.6307607
7.7977977,0.87289256,-0.75823146,-0.63832164,0.16101457,-0.61854863
7.807808,0.8745341,-0.7643575,-0.6246011,0.15930694,-0.60609925
7.8178177,0.87616056,-0.77035475,-0.6107492,0.15755117,-0.59341383
7.827828,0.87777066,-0.77622044,-0.59676653,0.15575293,-0.58049124
7.8378377,0.87936383,-0.7819516,-0.5826557,0.15391585,-0.5673321
7.847848,0.8809393,-0.7875475,-0.56841975,0.15204374,-0.553937
7.8578577,0.88249594,-0.79300463,-0.55406207,0.15014012,-0.5403081
7.867868,0.8840329,-0.7983209,-0.53958225,0.14820386,-0.52644396
7.8778777,0.8855496,-0.80349493,-0.5249853,0.14623782,-0.51234835
7.887888,0.88704515,-0.8085235,-0.5102738,0.1442402,-0.49802354
7.8978977,0.8885183,-0.81340617,-0.4954497,0.14220887,-0.4834711
7.907908,0.88996845,-0.8181397,-0.480516,0.1401415,-0.46869466
7.9179177,0.8913949,-0.82272226,-0.4654766,0.13803422,-0.4536988
7.927928,0.89279705,-0.82715243,-0.45033327,0.13588299,-0.43848675
7.9379377,0.8941733,-0.8314283,-0.43509,0.13368212,-0.42306414
7.947948,0.8955241,-0.83554745,-0.41974834,0.13142663,-0.4074352
7.9579577,0.89684755,-0.8395092,-0.4043141,0.12911046,-0.39160827
7.967968,0.8981436,-0.84331113,-0.38878682,0.1267282,-0.37558675
7.9779778,0.8994112,-0.846952,-0.37317422,0.12427471,-0.35938227
7.987988,0.90065014,-0.8504307,-0.35747543,0.121743366,-0.34299836
7.9979978,0.901859,-0.85374475,-0.34169665,0.11913059,-0.32644668
8.008008,0.9030379,-0.85689473,-0.32583952,0.11643097,-0.30973396
8.018018,0.9041856,-0.8598765,-0.30990896,0.11364121,-0.29287186
8.0280285,0.90530163,-0.86269134,-0.29390612,0.11075883,-0.27586737
8.038038,0.9063856,-0.8653366,-0.27783877,0.107780784,-0.25873578
8.048048,0.90743655,-0.8678121,-0.26170608,0.10470672,-0.24148294
8.058058,0.90845436,-0.8701168,-0.2455148,0.10153615,-0.22412327
8.0680685,0.9094386,-0.8722483,-0.22926597,0.09826943,-0.20666556
8.078078,0.9103883,-0.8742081,-0.21296541,0.09490777,-0.18912314
8.088088,0.91130286,-0.87599343,-0.19661592,0.09145448,-0.171507
8.098098,0.91218233,-0.87760466,-0.18022166,0.087911256,-0.15382898
8.1081085,0.91302615,-0.8790409,-0.16378434,0.08428225,-0.13609853
8.118118,0.91383374,-0.8803026,-0.14731167,0.080573425,-0.118331134
8.128128,0.91460484,-0.8813872,-0.13080476,0.07678847,-0.10053567
8.138138,0.9153388,-0.88229567,-0.11426682,0.07293262,-0.08272213
8.148149,0.91603595,-0.88302827,-0.09770212,0.069013044,-0.06490205
8.158158,0.9166953,-0.8835835,-0.081116505,0.065035805,-0.047088098
8.168168,0.91731685,-0.8839611,-0.06451265,0.06100805,-0.029289272
8.178178,0.91790026,-0.8841627,-0.047894247,0.05693657,-0.01151509
8.188189,0.9184459,-0.88418704,-0.03126318,0.0528278,0.006227138
8.198198,0.9189522,-0.8840345,-0.01462681,0.048691515,0.023924625
8.208208,0.91942024,-0.883705,0.0020122435,0.044533066,0.041570235
8.218218,0.9198496,-0.8832007,0.01865103,0.04036104,0.059156783
8.228229,0.9202401,-0.88251877,0.03528651,0.036180787,0.07667754
8.238238,0.9205914,-0.881662,0.05191248,0.032002445,0.09412278
8.248248,0.92090374,-0.88063073,0.068525575,0.027831132,0.11148631
8.258258,0.92117655,-0.87942374,0.08512289,0.023673994,0.12876303
8.268269,0.9214105,-0.8780446,0.10170121,0.019537587,0.14594729
8.278278,0.9216055,-0.8764919,0.11825506,0.015427152,0.16303208
8.288288,0.92176133,-0.8747673,0.13478129,0.011349716,0.18001306
8.298298,0.9218778,-0.8728711,0.15127629,0.007309333,0.19688562
8.308309,0.92195547,-0.87080455,0.16773833,0.0033111235,0.21364734
8.318318,0.92199445,-0.8685697,0.18415928,-0.0006407422,0.23028949
8.328328,0.9219946,-0.8661662,0.20053981,-0.0045434046,0.24681297
8.338338,0.9219565,-0.86359674,0.21687269,-0.008392575,0.26321
8.348349,0.92187995,-0.8608605,0.2331589,-0.012187776,0.27948228
8.358358,0.9217647,-0.85796064,0.24939041,-0.015925197,0.29562175
8.368368,0.92161196,-0.85489863,0.2655651,-0.019605074,0.31162643
8.378378,0.9214217,-0.8516749,0.28168005,-0.0232261,0.32749385
8.388389,0.92119426,-0.8482915,0.29773274,-0.026789224,0.34322172
8.398398,0.9209295,-0.8447505,0.3137171,-0.030293256,0.35880437
8.408408,0.920628,-0.8410527,0.3296317,-0.03374034,0.3742405
8.418419,0.92028993,-0.83719945,0.34547317,-0.03713096,0.3895271
8.428429,0.9199161,-0.83319384,0.36123747,-0.040467605,0.40465975
8.438438,0.9195064,-0.82903725,0.37692153,-0.04375088,0.4196352
8.448448,0.91906136,-0.82473165,0.39252245,-0.046983875,0.43445027
8.458459,0.9185819,-0.8202787,0.40803736,-0.05016815,0.4491016
8.468469,0.91806763,-0.8156805,0.42346242,-0.053306315,0.46358478
8.478478,0.9175193,-0.81093836,0.43879408,-0.056400042,0.47789556
8.488488,0.91693765,-0.806056,0.45403078,-0.059451476,0.49203053
8.498499,0.916323,-0.8010338,0.46917018,-0.062463358,0.50598645
8.508509,0.9156761,-0.79587525,0.4842066,-0.06543616,0.5197559
8.518518,0.9149971,-0.79058266,0.49913895,-0.06837263,0.53333545
8.528528,0.9142863,-0.7851569,0.5139644,-0.07127324,0.5467208
8.538539,0.9135446,-0.7796008,0.5286818,-0.074139535,0.559907
8.548549,0.91277266,-0.7739172,0.5432858,-0.076971285,0.57288647
8.558558,0.91197073,-0.7681084,0.55777395,-0.079769075,0.58565336
8.568568,0.9111399,-0.7621763,0.5721453,-0.08253351,0.59820235
8.578579,0.9102796,-0.75612265,0.5863977,-0.085263036,0.61052734
8.588589,0.909392,-0.74995166,0.6005264,-0.08795754,0.6226186
8.5985985,0.9084765,-0.7436649,0.61453015,-0.090615705,0.6344699
8.608608,0.9075342,-0.7372648,0.62840724,-0.09323623,0.6460739
8.618619,0.90656555,-0.730753,0.6421554,-0.095817074,0.6574225
8.628629,0.9055712,-0.7241337,0.65577143,-0.09835742,0.66850656
8.6386385,0.90455216,-0.7174086,0.6692533,-0.100853555,0.67931753
8.648648,0.90350837,-0.71057945,0.68259996,-0.10330466,0.6898484
8.658659,0.9024405,-0.70364904,0.6958098,-0.105708115,0.70009106
8.668669,0.90134984,-0.69662154,0.70887864,-0.10806177,0.71003556
8.6786785,0.9002366,-0.6894978,0.7218066,-0.11036253,0.7196765
8.688688,0.8991016,-0.6822809,0.7345912,-0.11260884,0.72900635
8.698699,0.897945,-0.6749731,0.74723023,-0.11479904,0.73801917
8.708709,0.8967683,-0.6675772,0.759723,-0.11693015,0.74671036
8.718719,0.8955714,-0.66009635,0.77206665,-0.11900121,0.75507516
8.728728,0.8943551,-0.6525323,0.78425986,-0.1210102,0.7631113
8.738739,0.8931202,-0.6448866,0.796304,-0.12295665,0.7708186
8.748749,0.8918672,-0.6371642,0.8081928,-0.12483852,0.7781943
8.758759,0.8905972,-0.62936634,0.81992704,-0.12665476,0.78524095
8.768768,0.88930994,-0.62149554,0.83150667,-0.12840666,0.7919614
8.778779,0.8880068,-0.6135538,0.8429302,-0.13009219,0.7983592
8.788789,0.8866882,-0.6055445,0.854194,-0.1317122,0.80443865
8.798799,0.8853549,-0.5974701,0.8652987,-0.13326633,0.81020594
8.808809,0.88400716,-0.58933175,0.8762441,-0.13475518,0.8156692
8.818819,0.882646,-0.58113366,0.88702625,-0.13617909,0.82083446
8.828829,0.8812717,-0.57287794,0.89764714,-0.13753879,0.8257119
8.838839,0.8798852,-0.56456584,0.90810424,-0.13883536,0.83030987
8.848849,0.8784866,-0.5561996,0.9183993,-0.14006937,0.8346394
8.858859,0.87707704,-0.54778343,0.92852706,-0.1412412,0.8387084
8.868869,0.8756568,-0.5393183,0.9384905,-0.14235249,0.84252864
8.878879,0.8742267,-0.53080696,0.94828737,-0.14340411,0.8461098
8.888889,0.8727872,-0.52225107,0.9579173,-0.14439651,0.8494623
8.898899,0.8713386,-0.51365346,0.96738,-0.14533113,0.8525961
8.908909,0.86988187,-0.5050167,0.9766745,-0.14620881,0.85552114
8.918919,0.8684177,-0.49634272,0.9858002,-0.14702941,0.8582472
8.928929,0.86694545,-0.48763222,0.9947588,-0.14779559,0.86078405
8.938939,0.8654676,-0.47888988,1.0035468,-0.14850648,0.86313987
8.948949,0.8639826,-0.47011572,1.0121659,-0.14916374,0.865324
8.958959,0.86249274,-0.46131343,1.0206149,-0.14976753,0.86734426
8.968969,0.86099756,-0.45248342,1.028895,-0.15031913,0.8692087
8.978979,0.8594977,-0.4436285,1.0370048,-0.15081902,0.8709248
8.988989,0.85799366,-0.43475145,1.0449438,-0.15126733,0.87249887
8.998999,0.8564862,-0.425853,1.0527138,-0.151665,0.8739381
9.009009,0.85497516,-0.4169342,1.0603145,-0.15201265,0.8752484
9.019019,0.85346216,-0.40799958,1.0677438,-0.15231097,0.876435
9.029029,0.8519465,-0.3990489,1.0750041,-0.15256056,0.87750334
9.039039,0.85042924,-0.3900854,1.0820937,-0.1527613,0.8784583
9.049049,0.84891045,-0.38110864,1.089015,-0.15291463,0.87930435
9.059059,0.8473906,-0.3721224,1.0957668,-0.15302102,0.88004535
9.069069,0.8458705,-0.36312783,1.102349,-0.15308058,0.88068503
9.079079,0.84435016,-0.35412586,1.1087638,-0.15309465,0.8812268
9.089089,0.8428302,-0.345119,1.1150095,-0.15306343,0.88167363
9.099099,0.8413107,-0.33610898,1.1210874,-0.15298802,0.882028
9.109109,0.83979255,-0.32709676,1.1269983,-0.15286876,0.8822927
9.119119,0.83827573,-0.31808347,1.132742,-0.1527065,0.8824695
9.129129,0.8367601,-0.3090705,1.1383209,-0.1525029,0.8825604
9.139139,0.83524716,-0.3000601,1.1437323,-0.15225759,0.8825667
9.149149,0.8337366,-0.29105386,1.1489794,-0.1519725,0.88249004
9.159159,0.8322289,-0.28205237,1.1540616,-0.1516475,0.8823313
9.169169,0.83072394,-0.27305675,1.1589807,-0.1512852,0.8820916
9.179179,0.8292226,-0.26406878,1.1637365,-0.15088527,0.88177115
9.189189,0.8277252,-0.25509024,1.1683292,-0.15044911,0.8813708
9.199199,0.82623094,-0.24612153,1.1727611,-0.14997911,0.8808907
9.209209,0.8247413,-0.23716322,1.1770331,-0.14947446,0.8803311
9.219219,0.82325643,-0.22821838,1.1811444,-0.14893751,0.87969184
9.229229,0.82177657,-0.21928638,1.1850963,-0.14836982,0.87897265
9.23924,0.82030123,-0.21036825,1.1888909,-0.14777164,0.8781733
9.249249,0.81883115,-0.20146644,1.1925277,-0.1471451,0.87729347
9.259259,0.81736654,-0.19258106,1.196009,-0.14649129,0.87633264
9.269269,0.8159079,-0.18371361,1.199334,-0.14581186,0.87529
9.27928,0.81445473,-0.17486322,1.2025062,-0.14510812,0.8741648
9.289289,0.81300825,-0.16603315,1.2055233,-0.14438078,0.87295663
9.299299,0.81156784,-0.15722361,1.2083896,-0.14363237,0.8716648
9.309309,0.8101339,-0.14843443,1.2111046,-0.14286382,0.87028813
9.31932,0.8087068,-0.1396667,1.2136699,-0.14207657,0.8688259
9.3293295,0.8072864,-0.13092235,1.216086,-0.14127205,0.8672776
9.339339,0.8058733,-0.12220121,1.2183541,-0.14045191,0.86564225
9.349349,0.8044673,-0.1135043,1.2204763,-0.13961725,0.86391926
9.35936,0.8030684,-0.1048313,1.2224524,-0.13876984,0.8621079
9.3693695,0.8016771,-0.09618444,1.2242848,-0.13791062,0.8602081
9.379379,0.800294,-0.08756355,1.2259735,-0.13704105,0.8582188
9.389389,0.798918,-0.07896925,1.2275207,-0.1361623,0.85614055
9.3994,0.79755014,-0.07040138,1.2289283,-0.13527605,0.8539726
9.4094095,0.79619014,-0.061862,1.2301961,-0.13438335,0.8517157
9.419419,0.7948385,-0.0533515,1.2313257,-0.13348566,0.84937006
9.429429,0.79349494,-0.04486925,1.2323186,-0.13258296,0.8469357
9.43944,0.79215986,-0.036415406,1.2331764,-0.13167754,0.84441376
9.44945,0.79083306,-0.027992152,1.2338998,-0.13076924,0.8418055
9.459459,0.7895146,-0.019599102,1.2344903,-0.12985952,0.8391121
9.469469,0.78820497,-0.011236303,1.2349495,-0.12894943,0.8363351
9.47948,0.7869038,-0.0029046908,1.235279,-0.128039,0.8334767
9.48949,0.78561145,0.005396597,1.235479,-0.1271288,0.8305382
9.499499,0.78432775,0.013664685,1.2355517,-0.12622051,0.82752335
9.509509,0.78305316,0.021901838,1.2354988,-0.12531328,0.82443404
9.51952,0.78178734,0.030107133,1.2353209,-0.12440832,0.82127315
9.52953,0.7805304,0.038279764,1.2350194,-0.12350527,0.8180444
9.539539,0.7792825,0.04641842,1.2345959,-0.12260436,0.81475174
9.549549,0.7780439,0.054524444,1.2340525,-0.12170691,0.81139845
9.55956,0.7768143,0.06259846,1.233389,-0.120811366,0.80798787
9.56957,0.7755935,0.07063808,1.2326083,-0.119918674,0.80452526
9.579579,0.7743823,0.0786443,1.2317106,-0.11902909,0.8010142
9.589589,0.77317995,0.08661612,1.2306983,-0.11814188,0.7974598
9.5996,0.7719869,0.09455498,1.2295725,-0.117257416,0.79386556
9.60961,0.7708029,0.102459125,1.228334,-0.11637485,0.7902367
9.619619,0.76962876,0.110328905,1.2269853,-0.11549503,0.7865781
9.62963,0.76846296,0.118165575,1.225527,-0.114617236,0.7828929
9.63964,0.76730704,0.12596622,1.2239608,-0.11374123,0.7791873
9.64965,0.7661599,0.13373286,1.2222874,-0.11286772,0.77546453
9.659659,0.76502234,0.14146441,1.220509,-0.11199541,0.7717292
9.66967,0.76389414,0.14916295,1.2186269,-0.11112524,0.76798457
9.67968,0.7627753,0.15682524,1.2166425,-0.11025673,0.7642359
9.68969,0.76166534,0.16445261,1.2145569,-0.10939014,0.760486
9.699699,0.760565,0.17204553,1.2123715,-0.108525924,0.7567382
9.70971,0.7594736,0.17960465,1.2100879,-0.107663736,0.7529955
9.71972,0.75839144,0.18712807,1.2077078,-0.106803335,0.7492613
9.72973,0.75731874,0.19461662,1.205232,-0.105946146,0.7455378
9.739739,0.7562554,0.2020705,1.2026622,-0.105091825,0.7418275
9.74975,0.7552006,0.20949045,1.1999996,-0.104240835,0.73813176
9.75976,0.75415546,0.21687478,1.1972455,-0.10339378,0.73445314
9.76977,0.7531194,0.22422412,1.1944021,-0.10255184,0.730793
9.779779,0.7520928,0.23153946,1.19147,-0.10171515,0.72715175
9.78979,0.75107473,0.2388205,1.1884494,-0.10088453,0.7235303
9.7998,0.750066,0.24606657,1.1853445,-0.10006106,0.71992993
9.80981,0.7490664,0.25327724,1.1821538,-0.09924581,0.71635073
9.819819,0.74807566,0.26045457,1.1788807,-0.098438784,0.7127922
9.82983,0.74709356,0.2675984,1.1755251,-0.09764224,0.7092542
9.83984,0.7461208,0.27470687,1.1720887,-0.09685665,0.70573735
9.84985,0.74515736,0.28178167,1.1685736,-0.096083224,0.70224035
9.859859,0.7442028,0.28882197,1.1649812,-0.09532385,0.6987632
9.86987,0.7432565,0.29582885,1.161311,-0.09457901,0.695304
9.87988,0.7423191,0.30280232,1.1575662,-0.0938499,0.6918625
9.88989,0.74139106,0.3097414,1.153747,-0.0931383,0.6884376
9.8998995,0.7404713,0.31664652,1.1498554,-0.092446595,0.68502814
9.90991,0.7395606,0.32351956,1.1458917,-0.091774784,0.6816321
9.91992,0.73865813,0.3303586,1.1418583,-0.09112478,0.6782492
9.92993,0.737765,0.33716398,1.137755,-0.09049836,0.6748773
9.9399395,0.7368799,0.3439367,1.1335855,-0.08989684,0.67151546
9.94995,0.7360037,0.35067725,1.1293484,-0.08932201,0.6681615
9.95996,0.735136,0.3573839,1.1250459,-0.08877517,0.66481465
9.96997,0.73427653,0.3640588,1.12068,-0.08825717,0.6614729
9.9799795,0.7334261,0.3707,1.1162508,-0.087771215,0.65813506
9.98999,0.73258376,0.37731,1.1117597,-0.087316945,0.6547992
10.0,0.73174953,0.38388735,1.1072085,-0.08689735,0.6514643
